id,name,kind,country,synthetic
AP-001,Priya Kumar,person,SG,true
AP-002,Tan Wei Ling,person,SG,true
AP-003,Rajesh Kumaran,person,SG,true
AP-004,Siti Nurhaliza Lim,person,SG,true
AP-005,Tuas Link Logistics Pte Ltd,company,SG,true
AP-006,Rachel Lim,person,SG,true
AP-007,Tuas Link Logistics Pte Ltd,company,SG,true
AP-008,Daniel Ibrahim,person,SG,true
AP-009,Buona Vista Logistics Pte Ltd,company,SG,true
AP-010,Jerome Chia,person,SG,true
AP-011,Lim Hui Shan,person,SG,true
AP-012,Nurul Aisyah Binte Hamid,person,SG,true
AP-013,Goh Cheng Hock,person,SG,true
AP-014,Jun Hao Nair,person,SG,true
AP-015,Arjun Toh,person,SG,true
AP-016,Hui Shan Nair,person,SG,true
AP-017,Zulkifli Yeo,person,SG,true
AP-018,Zulkifli Sim,person,SG,true
AP-019,Siti Nurhaliza Ng,person,SG,true
AP-020,Jun Hao Ng,person,SG,true
AP-021,Seletar Logistics Pte Ltd,company,SG,true
AP-022,Zulkifli Chan,person,SG,true
AP-023,Terence Pillai,person,SG,true
AP-024,Terence Teo,person,SG,true
AP-025,Arjun Yeo,person,SG,true
AP-026,Daniel Lee,person,SG,true
AP-027,Jun Hao Chia,person,SG,true
AP-028,Daniel Pillai,person,SG,true
AP-029,Anson Holdings Pte Ltd,company,SG,true
AP-030,Hui Shan Ibrahim,person,SG,true
AP-031,Novena Pte Ltd,company,SG,true
AP-032,Seletar Properties Pte Ltd,company,SG,true
AP-033,Keppel Bay Industries Pte Ltd,company,SG,true
AP-034,Fullerton Logistics Pte Ltd,company,SG,true
AP-035,Buona Vista Holdings Pte Ltd,company,SG,true
AP-036,Seletar Pte Ltd,company,SG,true
AP-037,Arjun Loh,person,SG,true
AP-038,Cheryl Koh,person,SG,true
AP-039,Priya Ramanathan,person,SG,true
AP-040,Shalini Loh,person,SG,true
AP-041,Merlion Logistics Pte Ltd,company,SG,true
AP-042,Siti Nurhaliza Ong,person,SG,true
AP-043,Yan Ling Loh,person,SG,true
AP-044,Keppel Bay Holdings Pte Ltd,company,SG,true
AP-045,Jerome Ng,person,SG,true
AP-046,Jun Hao Lee,person,SG,true
AP-047,Farid Koh,person,SG,true
AP-048,Jerome Koh,person,SG,true
AP-049,Anson Logistics Pte Ltd,company,SG,true
AP-050,Straits Holdings Pte Ltd,company,SG,true
AP-051,Arjun Ibrahim,person,SG,true
AP-052,Daniel Tan,person,SG,true
AP-053,Rachel Ng,person,SG,true
AP-054,Meera Chia,person,SG,true
AP-055,Wei Ming Pillai,person,SG,true
AP-056,Jun Hao Kumar,person,SG,true
AP-057,Wei Ming Toh,person,SG,true
AP-058,Meera Lee,person,SG,true
AP-059,Yan Ling Tan,person,SG,true
AP-060,Marcus Lim,person,SG,true
AP-061,Zarina Ibrahim,person,MY,true
AP-062,Bayan Sdn Bhd,company,MY,true
AP-063,Faizal Mohd Noor,person,MY,true
AP-064,Suriani Ismail,person,MY,true
AP-065,Hasnah Wong,person,MY,true
AP-066,Selatan Logistik Sdn Bhd,company,MY,true
AP-067,Bayan Properties Sdn Bhd,company,MY,true
AP-068,Seberang Holdings Sdn Bhd,company,MY,true
AP-069,Perdana Industries Sdn Bhd,company,MY,true
AP-070,Hasnah Rajendran,person,MY,true
AP-071,Mei Ling Zainal,person,MY,true
AP-072,Gemilang Holdings Sdn Bhd,company,MY,true
AP-073,Mei Ling binti Hassan,person,MY,true
AP-074,Perdana Logistik Sdn Bhd,company,MY,true
AP-075,Rosli Khoo,person,MY,true
AP-076,Bayan Holdings Sdn Bhd,company,MY,true
AP-077,Selatan Industries Sdn Bhd,company,MY,true
AP-078,Faizal binti Hassan,person,MY,true
AP-079,Rosli Cheah,person,MY,true
AP-080,Hasnah Mohd Noor,person,MY,true
AP-081,Mei Ling Khoo,person,MY,true
AP-082,Chee Keong Ismail,person,MY,true
AP-083,Zarina Lim,person,MY,true
AP-084,Cemerlang Logistik Sdn Bhd,company,MY,true
AP-085,Siti Khoo,person,MY,true
AP-086,Wan Azman Lim,person,MY,true
AP-087,Amirul Ismail,person,MY,true
AP-088,Zarina Tan,person,MY,true
AP-089,Faizal Yusof,person,MY,true
AP-090,Chee Keong Subramaniam,person,MY,true
AP-091,Klang Valley Holdings Sdn Bhd,company,MY,true
AP-092,Wan Azman Tan,person,MY,true
AP-093,Tebrau Sdn Bhd,company,MY,true
AP-094,Sinar Logistik Sdn Bhd,company,MY,true
AP-095,Wan Azman Wong,person,MY,true
AP-096,Sivakumar Gopal,person,MY,true
AP-097,Siti Ooi,person,MY,true
AP-098,Ahmad Ismail,person,MY,true
AP-099,Faizal Zainal,person,MY,true
AP-100,Lai Peng Salleh,person,MY,true
AP-101,Siti Pratama,person,ID,true
AP-102,Dewi Santoso,person,ID,true
AP-103,PT Pelita Sejahtera,company,ID,true
AP-104,Ayu Widodo,person,ID,true
AP-105,Ratna Saputra,person,ID,true
AP-106,Putri Simanjuntak,person,ID,true
AP-107,PT Serpong Jaya Utama,company,ID,true
AP-108,Siti Widodo,person,ID,true
AP-109,PT Harapan Logistik,company,ID,true
AP-110,Sri Wijaya,person,ID,true
AP-111,Dian Anggraini,person,ID,true
AP-112,Siti Hartono,person,ID,true
AP-113,Nurhayati Setiawan,person,ID,true
AP-114,Ratna Mulyani,person,ID,true
AP-115,PT Kencana Persada,company,ID,true
AP-116,Budi Hartono,person,ID,true
AP-117,PT Kaligawe Sejahtera,company,ID,true
AP-118,PT Kencana Mandiri,company,ID,true
AP-119,PT Nusantara Persada,company,ID,true
AP-120,PT Nusantara Sejahtera,company,ID,true
AP-121,Budi Saputra,person,ID,true
AP-122,Yuni Santoso,person,ID,true
AP-123,Sri Mulyani,person,ID,true
AP-124,Rizky Mulyani,person,ID,true
AP-125,Fajar Rahmawati,person,ID,true
AP-126,Agus Simanjuntak,person,ID,true
AP-127,Hendra Mulyani,person,ID,true
AP-128,PT Kaligawe Logistik,company,ID,true
AP-129,Eko Simanjuntak,person,ID,true
AP-130,Wahyu Simanjuntak,person,ID,true
AP-131,PT Cakrawala Logistik,company,ID,true
AP-132,Nurhayati Halim,person,ID,true
AP-133,Dian Widodo,person,ID,true
AP-134,PT Tanjung Priok Mandiri,company,ID,true
AP-135,Budi Mulyani,person,ID,true
AP-136,Yuni Hidayat,person,ID,true
AP-137,Fajar Simanjuntak,person,ID,true
AP-138,PT Graha Logistik,company,ID,true
AP-139,Ayu Halim,person,ID,true
AP-140,Ratna Santoso,person,ID,true
AP-141,Hui Zhao,person,CN,true
AP-142,Zhangjiang Property Group Co. Ltd,company,CN,true
AP-143,Chen Xu,person,CN,true
AP-144,Peng Liu,person,CN,true
AP-145,Ying Chen,person,CN,true
AP-146,Jinqiao Development Co. Ltd,company,CN,true
AP-147,Xiamen Gulf Holdings Co. Ltd,company,CN,true
AP-148,Huangpu Holdings Co. Ltd,company,CN,true
AP-149,Hongqiao Logistics Co. Ltd,company,CN,true
AP-150,Bin Wu,person,CN,true
AP-151,Jun Liu,person,CN,true
AP-152,Yinzhou Industrial Co. Ltd,company,CN,true
AP-153,Fang Li,person,CN,true
AP-154,Baoshan Holdings Co. Ltd,company,CN,true
AP-155,Mei Wang,person,CN,true
AP-156,Ying Zhu,person,CN,true
AP-157,Yan Gao,person,CN,true
AP-158,Hongqiao Property Group Co. Ltd,company,CN,true
AP-159,Jinqiao Property Group Co. Ltd,company,CN,true
AP-160,Haizhu Property Group Co. Ltd,company,CN,true
AP-161,Min Ma,person,CN,true
AP-162,Na Zhang,person,CN,true
AP-163,Qiang Wang,person,CN,true
AP-164,Qianhai Industrial Co. Ltd,company,CN,true
AP-165,Yan Ma,person,CN,true
AP-166,Huangpu Holdings Co. Ltd,company,CN,true
AP-167,Hui Huang,person,CN,true
AP-168,Tao Ma,person,CN,true
AP-169,Na Zhang,person,CN,true
AP-170,Qiang Gao,person,CN,true
AP-171,Yan Guo,person,CN,true
AP-172,Xue Zhu,person,CN,true
AP-173,Jing Sun,person,CN,true
AP-174,Yan Zhu,person,CN,true
AP-175,Lujiazui Logistics Co. Ltd,company,CN,true
AP-176,Ho Yin Poon,person,HK,true
AP-177,Chi Wai Hui,person,HK,true
AP-178,Mei Fong Tam,person,HK,true
AP-179,Causeway Limited,company,HK,true
AP-180,Victoria Harbour Properties Limited,company,HK,true
AP-181,Kwok Wai Leung,person,HK,true
AP-182,Fo Tan Logistics Limited,company,HK,true
AP-183,Chi Wai Chan,person,HK,true
AP-184,Chun Kit Yeung,person,HK,true
AP-185,Hiu Tung Poon,person,HK,true
AP-186,Ka Yan Chow,person,HK,true
AP-187,Mei Fong Poon,person,HK,true
AP-188,Wai Yee Mak,person,HK,true
AP-189,Kowloon Bay Logistics Limited,company,HK,true
AP-190,Tai Kok Tsui Holdings Limited,company,HK,true
AP-191,Wing Sze Yeung,person,HK,true
AP-192,Tsuen Wan Logistics Limited,company,HK,true
AP-193,Chun Kit Lai,person,HK,true
AP-194,Yuen Man Leung,person,HK,true
AP-195,Chun Kit Ho,person,HK,true
AP-196,Cheuk Yin Mak,person,HK,true
AP-197,Cheung Sha Wan Limited,company,HK,true
AP-198,Sze Wing Hui,person,HK,true
AP-199,Ka Ming Chan,person,HK,true
AP-200,Lok Yiu Tam,person,HK,true
