collateral_id,country,cluster_code,cluster_name,address_line,lat,lon,elevation_m,dist_to_coast_km,building_type,occupancy_class,floor_level,appraised_value_sgd,adaptation_project_id,segment,applicant_id,applicant_name,applicant_kind,loan_application_id,requested_amount_sgd,originated_year,status,opened_at,is_fixture
SG-MS-001,SG,MS,Marina Bay / Marina South,"361 Marina Way, Marina South, Singapore",1.270461,103.867888,4.0,0.73,residential_highrise_rc,rc_highrise,8,2010000,sg-marina-barrage,personal,AP-001,Priya Kumar,person,LA-001,1372000,2025,in_review,2025-10-06,false
SG-MS-002,SG,MS,Marina Bay / Marina South,"8 Marina View, Marina South, Singapore",1.2751,103.8602,0.6,0.35,residential_highrise_rc,rc_highrise,12,1800000,,personal,AP-002,Tan Wei Ling,person,LA-002,1167000,2025,in_review,2025-04-03,true
SG-MS-003,SG,MS,Marina Bay / Marina South,"10 Marina View, Marina South, Singapore",1.2754,103.8606,2.6,0.35,residential_highrise_rc,rc_highrise,21,1800000,,personal,AP-003,Rajesh Kumaran,person,LA-003,1235000,2025,in_review,2025-06-24,true
SG-MS-004,SG,MS,Marina Bay / Marina South,"302 Marina View, Marina South, Singapore",1.270886,103.866752,1.9,0.17,residential_highrise_rc,rc_highrise,26,1880000,,personal,AP-004,Siti Nurhaliza Lim,person,LA-004,1125000,2025,approved,2025-05-13,false
SG-MS-005,SG,MS,Marina Bay / Marina South,"253 Marina Way, Marina South, Singapore",1.281901,103.855122,4.5,0.73,office_tower,rc_highrise,28,103500000,sg-marina-barrage,corporate,AP-005,Tuas Link Logistics Pte Ltd,company,LA-005,48000000,2025,approved,2025-03-19,false
SG-MS-006,SG,MS,Marina Bay / Marina South,"138 Straits Boulevard, Marina South, Singapore",1.268227,103.855882,4.4,0.74,residential_highrise_rc,rc_highrise,31,2850000,sg-marina-barrage,personal,AP-006,Rachel Lim,person,LA-006,1951000,2025,approved,2025-06-13,false
SG-MS-007,SG,MS,Marina Bay / Marina South,"5 Marina Way, Marina South, Singapore",1.268489,103.865605,3.6,0.5,retail_podium,rc_highrise,3,30200000,sg-marina-barrage,corporate,AP-007,Tuas Link Logistics Pte Ltd,company,LA-007,12850000,2025,conditionally_approved,2025-06-16,false
SG-MS-008,SG,MS,Marina Bay / Marina South,"267 Marina View, Marina South, Singapore",1.268272,103.854713,4.5,0.9,residential_highrise_rc,rc_highrise,9,2310000,sg-marina-barrage,personal,AP-008,Daniel Ibrahim,person,LA-008,1467000,2025,approved,2025-10-28,false
SG-MS-009,SG,MS,Marina Bay / Marina South,"277 Marina Way, Marina South, Singapore",1.273686,103.854319,3.1,0.42,office_tower,rc_highrise,5,117100000,sg-marina-barrage,corporate,AP-009,Buona Vista Logistics Pte Ltd,company,LA-009,51770000,2025,approved,2025-06-05,false
SG-MS-010,SG,MS,Marina Bay / Marina South,"347 Marina View, Marina South, Singapore",1.277278,103.869932,4.4,0.82,residential_highrise_rc,rc_highrise,30,2530000,,personal,AP-010,Jerome Chia,person,LA-010,1573000,2025,conditionally_approved,2025-07-12,false
SG-EC-001,SG,EC,East Coast / Katong / Marine Parade,"12 Amber Road, Katong, Singapore",1.3002,103.8961,3.2,0.45,residential_highrise_rc,rc_highrise,8,1000000,,personal,AP-011,Lim Hui Shan,person,LA-011,617000,2025,in_review,2025-11-14,true
SG-EC-002,SG,EC,East Coast / Katong / Marine Parade,"88 Marine Parade Road, Katong, Singapore",1.3019,103.9058,3.2,0.45,residential_highrise_rc,rc_highrise,14,1000000,,personal,AP-012,Nurul Aisyah Binte Hamid,person,LA-012,578000,2025,conditionally_approved,2025-06-12,true
SG-EC-003,SG,EC,East Coast / Katong / Marine Parade,"215 East Coast Road, Katong, Singapore",1.3056,103.9091,4.8,0.7,residential_landed,lowrise_industrial,2,1500000,sg-long-island,personal,AP-013,Goh Cheng Hock,person,LA-013,873000,2025,approved,2025-11-12,true
SG-EC-004,SG,EC,East Coast / Katong / Marine Parade,"275 East Coast Road, Katong, Singapore",1.308139,103.914767,4.7,0.82,residential_highrise_rc,rc_highrise,5,1470000,sg-long-island,personal,AP-014,Jun Hao Nair,person,LA-014,921000,2025,in_review,2025-11-22,false
SG-EC-005,SG,EC,East Coast / Katong / Marine Parade,"218 Meyer Road, Katong, Singapore",1.300907,103.91328,4.6,0.92,residential_landed,lowrise_industrial,2,2300000,sg-long-island,personal,AP-015,Arjun Toh,person,LA-015,1447000,2025,in_review,2025-09-03,false
SG-EC-006,SG,EC,East Coast / Katong / Marine Parade,"206 Tanjong Katong Road, Katong, Singapore",1.298018,103.914595,3.2,0.54,residential_highrise_rc,rc_highrise,3,2110000,,personal,AP-016,Hui Shan Nair,person,LA-016,1371000,2025,approved,2025-12-26,false
SG-EC-007,SG,EC,East Coast / Katong / Marine Parade,"143 Meyer Road, Katong, Singapore",1.291999,103.901278,3.7,1.01,residential_highrise_rc,rc_highrise,22,2040000,,personal,AP-017,Zulkifli Yeo,person,LA-017,1206000,2025,conditionally_approved,2025-03-24,false
SG-EC-008,SG,EC,East Coast / Katong / Marine Parade,"370 Amber Road, Katong, Singapore",1.298835,103.90437,2.9,0.57,residential_landed,lowrise_industrial,3,1300000,sg-long-island,personal,AP-018,Zulkifli Sim,person,LA-018,734000,2025,approved,2025-08-22,false
SG-EC-009,SG,EC,East Coast / Katong / Marine Parade,"93 Meyer Road, Katong, Singapore",1.310921,103.897888,5.9,1.13,residential_highrise_rc,rc_highrise,4,2470000,,personal,AP-019,Siti Nurhaliza Ng,person,LA-019,1824000,2025,open,2025-03-25,false
SG-EC-010,SG,EC,East Coast / Katong / Marine Parade,"280 Amber Road, Katong, Singapore",1.306579,103.90513,3.1,0.64,residential_highrise_rc,rc_highrise,35,2240000,,personal,AP-020,Jun Hao Ng,person,LA-020,1393000,2025,in_review,2025-11-05,false
SG-EC-011,SG,EC,East Coast / Katong / Marine Parade,"9 East Coast Road, Katong, Singapore",1.301291,103.912035,5.1,0.87,shophouse_mixed,lowrise_industrial,1,19000000,,corporate,AP-021,Seletar Logistics Pte Ltd,company,LA-021,10820000,2025,open,2025-10-20,false
SG-EC-012,SG,EC,East Coast / Katong / Marine Parade,"346 Tanjong Katong Road, Katong, Singapore",1.297745,103.904441,2.3,0.63,residential_highrise_rc,rc_highrise,13,1290000,sg-long-island,personal,AP-022,Zulkifli Chan,person,LA-022,740000,2025,approved,2025-07-27,false
SG-SC-001,SG,SC,Sentosa Cove,"87 Ocean Drive, Sentosa Cove, Singapore",1.242478,103.840885,3.1,0.29,residential_landed,lowrise_industrial,1,3320000,,personal,AP-023,Terence Pillai,person,LA-023,1904000,2025,approved,2025-12-02,false
SG-SC-002,SG,SC,Sentosa Cove,"324 Treasure Island, Sentosa Cove, Singapore",1.243588,103.836279,4.2,0.25,residential_landed,lowrise_industrial,1,3070000,,personal,AP-024,Terence Teo,person,LA-024,2065000,2025,in_review,2025-01-09,false
SG-SC-003,SG,SC,Sentosa Cove,"198 Cove Drive, Sentosa Cove, Singapore",1.249121,103.834004,5.1,0.32,residential_highrise_rc,rc_highrise,18,2870000,,personal,AP-025,Arjun Yeo,person,LA-025,2014000,2025,in_review,2025-07-24,false
SG-SC-004,SG,SC,Sentosa Cove,"106 Coral Island, Sentosa Cove, Singapore",1.246337,103.834149,5.2,0.4,residential_landed,lowrise_industrial,3,2920000,,personal,AP-026,Daniel Lee,person,LA-026,2172000,2025,conditionally_approved,2025-05-04,false
SG-SC-005,SG,SC,Sentosa Cove,"312 Coral Island, Sentosa Cove, Singapore",1.244967,103.842871,5.6,0.35,residential_landed,lowrise_industrial,2,3340000,,personal,AP-027,Jun Hao Chia,person,LA-027,2201000,2025,in_review,2025-08-12,false
SG-SC-006,SG,SC,Sentosa Cove,"347 Cove Drive, Sentosa Cove, Singapore",1.239924,103.838185,2.1,0.23,residential_highrise_rc,rc_highrise,39,2880000,,personal,AP-028,Daniel Pillai,person,LA-028,2133000,2025,in_review,2025-08-15,false
SG-SC-007,SG,SC,Sentosa Cove,"236 Paradise Island, Sentosa Cove, Singapore",1.248097,103.838341,4.7,0.43,office_tower,rc_highrise,32,15900000,,corporate,AP-029,Anson Holdings Pte Ltd,company,LA-029,7220000,2025,in_review,2025-04-02,false
SG-SC-008,SG,SC,Sentosa Cove,"144 Cove Drive, Sentosa Cove, Singapore",1.239772,103.833587,5.7,0.43,residential_highrise_rc,rc_highrise,24,3730000,,personal,AP-030,Hui Shan Ibrahim,person,LA-030,2525000,2025,in_review,2025-02-08,false
SG-JI-001,SG,JI,Jurong Island,"13 Sakra Crescent, Jurong Island, Singapore",1.258766,103.704752,7.7,0.74,industrial_warehouse,lowrise_industrial,1,42100000,,corporate,AP-031,Novena Pte Ltd,company,LA-031,22750000,2025,open,2025-01-16,false
SG-JI-002,SG,JI,Jurong Island,"255 Banyan Avenue, Jurong Island, Singapore",1.27764,103.700411,4.7,0.34,industrial_warehouse,lowrise_industrial,2,71200000,,corporate,AP-032,Seletar Properties Pte Ltd,company,LA-032,32360000,2025,approved,2025-01-05,false
SG-JI-003,SG,JI,Jurong Island,"44 Sakra Crescent, Jurong Island, Singapore",1.264553,103.690409,7.2,0.74,industrial_warehouse,lowrise_industrial,1,28200000,,corporate,AP-033,Keppel Bay Industries Pte Ltd,company,LA-033,16320000,2025,approved,2025-12-02,false
SG-JI-004,SG,JI,Jurong Island,"213 Jurong Island Highway, Jurong Island, Singapore",1.258746,103.696218,3.3,0.36,industrial_warehouse,lowrise_industrial,2,31000000,,corporate,AP-034,Fullerton Logistics Pte Ltd,company,LA-034,14650000,2025,in_review,2025-08-13,false
SG-JI-005,SG,JI,Jurong Island,"172 Jurong Island Highway, Jurong Island, Singapore",1.253383,103.708059,3.3,0.25,industrial_warehouse,lowrise_industrial,1,74800000,,corporate,AP-035,Buona Vista Holdings Pte Ltd,company,LA-035,41310000,2025,approved,2025-05-04,false
SG-JI-006,SG,JI,Jurong Island,"340 Banyan Avenue, Jurong Island, Singapore",1.275907,103.688176,5.5,0.43,industrial_warehouse,lowrise_industrial,1,57300000,,corporate,AP-036,Seletar Pte Ltd,company,LA-036,33250000,2025,approved,2025-02-13,false
SG-KB-001,SG,KB,Kallang Basin,"176 Crawford Lane, Kallang Basin, Singapore",1.296834,103.878848,5.8,1.81,residential_highrise_rc,rc_highrise,25,1140000,sg-marina-barrage,personal,AP-037,Arjun Loh,person,LA-037,725000,2025,in_review,2025-11-04,false
SG-KB-002,SG,KB,Kallang Basin,"278 Crawford Lane, Kallang Basin, Singapore",1.31016,103.87838,3.9,1.51,residential_highrise_rc,rc_highrise,14,1670000,,personal,AP-038,Cheryl Koh,person,LA-038,1252000,2025,open,2025-02-20,false
SG-KB-003,SG,KB,Kallang Basin,"31 Stadium Boulevard, Kallang Basin, Singapore",1.3041,103.8728,3.4,1.1,residential_highrise_rc,rc_highrise,11,1200000,sg-marina-barrage,personal,AP-039,Priya Ramanathan,person,LA-039,833000,2025,in_review,2025-09-05,true
SG-KB-004,SG,KB,Kallang Basin,"250 Kallang Road, Kallang Basin, Singapore",1.308869,103.863274,6.3,2.12,residential_highrise_rc,rc_highrise,20,1340000,sg-marina-barrage,personal,AP-040,Shalini Loh,person,LA-040,831000,2025,in_review,2025-01-21,false
SG-KB-005,SG,KB,Kallang Basin,"100 Geylang Road, Kallang Basin, Singapore",1.305149,103.863088,2.7,0.82,industrial_warehouse,lowrise_industrial,2,19200000,,corporate,AP-041,Merlion Logistics Pte Ltd,company,LA-041,11000000,2025,approved,2025-01-18,false
SG-KB-006,SG,KB,Kallang Basin,"35 Kallang Road, Kallang Basin, Singapore",1.312624,103.874387,4.4,1.25,residential_highrise_rc,rc_highrise,14,1690000,,personal,AP-042,Siti Nurhaliza Ong,person,LA-042,1140000,2025,in_review,2025-08-16,false
SG-KB-007,SG,KB,Kallang Basin,"243 Kallang Road, Kallang Basin, Singapore",1.299536,103.862997,6.9,1.79,residential_highrise_rc,rc_highrise,37,1980000,sg-marina-barrage,personal,AP-043,Yan Ling Loh,person,LA-043,1224000,2025,in_review,2025-09-12,false
SG-KB-008,SG,KB,Kallang Basin,"235 Stadium Boulevard, Kallang Basin, Singapore",1.30294,103.877588,6.4,1.83,shophouse_mixed,lowrise_industrial,2,13500000,,corporate,AP-044,Keppel Bay Holdings Pte Ltd,company,LA-044,6850000,2025,in_review,2025-07-01,false
SG-WL-001,SG,WL,Woodlands,"19 Woodlands Drive 62, Woodlands, Singapore",1.429899,103.793721,17.7,1.95,residential_highrise_rc,rc_highrise,14,700000,,personal,AP-045,Jerome Ng,person,LA-045,419000,2025,in_review,2025-06-06,false
SG-WL-002,SG,WL,Woodlands,"78 Marsiling Rise, Woodlands, Singapore",1.425113,103.795258,14.3,1.79,residential_highrise_rc,rc_highrise,17,720000,,personal,AP-046,Jun Hao Lee,person,LA-046,531000,2025,approved,2025-02-12,false
SG-WL-003,SG,WL,Woodlands,"37 Admiralty Road, Woodlands, Singapore",1.432489,103.783729,15.3,1.61,residential_highrise_rc,rc_highrise,40,730000,,personal,AP-047,Farid Koh,person,LA-047,482000,2025,approved,2025-10-03,false
SG-WL-004,SG,WL,Woodlands,"39 Admiralty Road, Woodlands, Singapore",1.440321,103.792431,19.8,2.29,residential_highrise_rc,rc_highrise,23,1100000,,personal,AP-048,Jerome Koh,person,LA-048,633000,2025,approved,2025-04-26,false
SG-WL-005,SG,WL,Woodlands,"44 Marsiling Rise, Woodlands, Singapore",1.442272,103.796121,22.8,2.5,industrial_warehouse,lowrise_industrial,1,19100000,,corporate,AP-049,Anson Logistics Pte Ltd,company,LA-049,8330000,2025,approved,2025-06-24,false
SG-WL-006,SG,WL,Woodlands,"266 Marsiling Rise, Woodlands, Singapore",1.437303,103.792278,12.8,1.54,industrial_warehouse,lowrise_industrial,1,12500000,,corporate,AP-050,Straits Holdings Pte Ltd,company,LA-050,6280000,2025,in_review,2025-12-17,false
SG-BT-001,SG,BT,Bukit Timah,"1 Bukit Timah Road, Bukit Timah, Singapore",1.343997,103.780733,67.7,8.32,residential_landed,lowrise_industrial,2,3080000,,personal,AP-051,Arjun Ibrahim,person,LA-051,1886000,2025,approved,2025-08-01,false
SG-BT-002,SG,BT,Bukit Timah,"29 Chancery Lane, Bukit Timah, Singapore",1.341123,103.765595,72.7,8.18,residential_landed,lowrise_industrial,3,2010000,,personal,AP-052,Daniel Tan,person,LA-052,1321000,2025,approved,2025-03-03,false
SG-BT-003,SG,BT,Bukit Timah,"199 Bukit Timah Road, Bukit Timah, Singapore",1.336292,103.77446,83.2,8.26,residential_landed,lowrise_industrial,1,3760000,,personal,AP-053,Rachel Ng,person,LA-053,2182000,2025,approved,2025-11-27,false
SG-BT-004,SG,BT,Bukit Timah,"51 Dunearn Road, Bukit Timah, Singapore",1.345101,103.776216,35.1,6.16,residential_landed,lowrise_industrial,1,2520000,,personal,AP-054,Meera Chia,person,LA-054,1843000,2025,approved,2025-05-16,false
SG-BT-005,SG,BT,Bukit Timah,"278 Chancery Lane, Bukit Timah, Singapore",1.332084,103.766273,69.6,7.94,residential_landed,lowrise_industrial,3,3400000,,personal,AP-055,Wei Ming Pillai,person,LA-055,2548000,2025,approved,2025-08-02,false
SG-BT-006,SG,BT,Bukit Timah,"159 Bukit Timah Road, Bukit Timah, Singapore",1.341176,103.77355,31.2,5.95,residential_landed,lowrise_industrial,2,2180000,,personal,AP-056,Jun Hao Kumar,person,LA-056,1505000,2025,approved,2025-05-01,false
SG-BT-007,SG,BT,Bukit Timah,"267 Namly Avenue, Bukit Timah, Singapore",1.339356,103.775868,29.8,5.91,residential_landed,lowrise_industrial,3,3360000,,personal,AP-057,Wei Ming Toh,person,LA-057,2089000,2025,in_review,2025-01-10,false
SG-BT-008,SG,BT,Bukit Timah,"216 Sixth Avenue, Bukit Timah, Singapore",1.346929,103.777721,68.6,8.45,residential_highrise_rc,rc_highrise,11,3150000,,personal,AP-058,Meera Lee,person,LA-058,1966000,2025,open,2025-11-06,false
SG-BT-009,SG,BT,Bukit Timah,"12 Holland Road, Bukit Timah, Singapore",1.342423,103.765005,65.0,8.06,residential_landed,lowrise_industrial,1,2540000,,personal,AP-059,Yan Ling Tan,person,LA-059,1817000,2025,in_review,2025-02-01,false
SG-BT-010,SG,BT,Bukit Timah,"70 Namly Avenue, Bukit Timah, Singapore",1.33509,103.767726,47.1,7.67,residential_highrise_rc,rc_highrise,37,2680000,,personal,AP-060,Marcus Lim,person,LA-060,1914000,2025,approved,2025-04-17,false
MY-SA-001,MY,SA,Shah Alam / Kuala Langat,"34 Persiaran Sultan, Shah Alam, Selangor",3.061077,101.524845,17.6,24.78,residential_landed,lowrise_industrial,3,1020000,,personal,AP-061,Zarina Ibrahim,person,LA-061,701000,2025,conditionally_approved,2025-04-04,false
MY-SA-002,MY,SA,Shah Alam / Kuala Langat,"147 Jalan Batu Tiga, Shah Alam, Selangor",3.088117,101.52393,13.0,24.65,industrial_warehouse,lowrise_industrial,1,22500000,my-smart-tunnel,corporate,AP-062,Bayan Sdn Bhd,company,LA-062,10670000,2025,in_review,2025-03-04,false
MY-SA-003,MY,SA,Shah Alam / Kuala Langat,"19 Persiaran Sultan, Shah Alam, Selangor",3.060684,101.513829,12.5,20.93,residential_landed,lowrise_industrial,1,620000,my-smart-tunnel,personal,AP-063,Faizal Mohd Noor,person,LA-063,388000,2025,approved,2025-10-01,false
MY-SA-004,MY,SA,Shah Alam / Kuala Langat,"62 Jalan Batu Tiga, Shah Alam, Selangor",3.069266,101.528078,10.6,21.42,residential_highrise_rc,rc_highrise,5,870000,,personal,AP-064,Suriani Ismail,person,LA-064,522000,2025,in_review,2025-06-06,false
MY-SA-005,MY,SA,Shah Alam / Kuala Langat,"104 Persiaran Sultan, Shah Alam, Selangor",3.05259,101.51666,27.9,32.87,residential_highrise_rc,rc_highrise,16,1030000,my-smart-tunnel,personal,AP-065,Hasnah Wong,person,LA-065,680000,2025,open,2025-05-05,false
MY-SA-006,MY,SA,Shah Alam / Kuala Langat,"22 Jalan Klang Lama, Shah Alam, Selangor",3.066715,101.489284,17.8,26.22,industrial_warehouse,lowrise_industrial,1,20600000,,corporate,AP-066,Selatan Logistik Sdn Bhd,company,LA-066,10890000,2025,approved,2025-11-18,false
MY-SA-007,MY,SA,Shah Alam / Kuala Langat,"32 Persiaran Kayangan, Shah Alam, Selangor",3.048725,101.526192,13.2,24.92,industrial_warehouse,lowrise_industrial,2,10600000,my-smart-tunnel,corporate,AP-067,Bayan Properties Sdn Bhd,company,LA-067,6130000,2025,in_review,2025-09-13,false
MY-SA-008,MY,SA,Shah Alam / Kuala Langat,"114 Jalan Klang Lama, Shah Alam, Selangor",3.049614,101.516634,7.6,18.39,industrial_warehouse,lowrise_industrial,1,15300000,,corporate,AP-068,Seberang Holdings Sdn Bhd,company,LA-068,8150000,2025,in_review,2025-01-15,false
MY-SA-009,MY,SA,Shah Alam / Kuala Langat,"67 Persiaran Sultan, Shah Alam, Selangor",3.101624,101.53455,9.5,21.43,industrial_warehouse,lowrise_industrial,1,11200000,,corporate,AP-069,Perdana Industries Sdn Bhd,company,LA-069,4860000,2025,in_review,2025-08-02,false
MY-SA-010,MY,SA,Shah Alam / Kuala Langat,"60 Jalan Batu Tiga, Shah Alam, Selangor",3.098957,101.530566,26.9,29.3,residential_highrise_rc,rc_highrise,16,1030000,,personal,AP-070,Hasnah Rajendran,person,LA-070,686000,2025,open,2025-11-17,false
MY-KL-001,MY,KL,Kuala Lumpur city centre,"31 Jalan Raja Chulan, Kuala Lumpur",3.156621,101.725882,36.8,37.58,residential_highrise_rc,rc_highrise,26,2130000,,personal,AP-071,Mei Ling Zainal,person,LA-071,1498000,2025,in_review,2025-08-15,false
MY-KL-002,MY,KL,Kuala Lumpur city centre,"216 Jalan Raja Chulan, Kuala Lumpur",3.145349,101.716348,65.8,42.14,retail_podium,rc_highrise,2,78000000,my-smart-tunnel,corporate,AP-072,Gemilang Holdings Sdn Bhd,company,LA-072,40890000,2025,approved,2025-08-08,false
MY-KL-003,MY,KL,Kuala Lumpur city centre,"41 Jalan Raja Chulan, Kuala Lumpur",3.156384,101.715763,56.6,38.74,residential_highrise_rc,rc_highrise,23,1970000,,personal,AP-073,Mei Ling binti Hassan,person,LA-073,1144000,2025,approved,2025-03-13,false
MY-KL-004,MY,KL,Kuala Lumpur city centre,"148 Jalan Bukit Bintang, Kuala Lumpur",3.162948,101.724362,44.4,36.35,office_tower,rc_highrise,3,33000000,,corporate,AP-074,Perdana Logistik Sdn Bhd,company,LA-074,19440000,2025,open,2025-01-10,false
MY-KL-005,MY,KL,Kuala Lumpur city centre,"42 Jalan Ampang, Kuala Lumpur",3.155145,101.703349,43.8,39.11,residential_highrise_rc,rc_highrise,23,1220000,my-smart-tunnel,personal,AP-075,Rosli Khoo,person,LA-075,728000,2025,in_review,2025-09-13,false
MY-KL-006,MY,KL,Kuala Lumpur city centre,"144 Jalan Bukit Bintang, Kuala Lumpur",3.14769,101.715047,43.2,35.22,office_tower,rc_highrise,8,79700000,,corporate,AP-076,Bayan Holdings Sdn Bhd,company,LA-076,46780000,2025,conditionally_approved,2025-12-01,false
MY-KL-007,MY,KL,Kuala Lumpur city centre,"87 Jalan Raja Chulan, Kuala Lumpur",3.161255,101.718069,59.3,38.35,office_tower,rc_highrise,14,83700000,,corporate,AP-077,Selatan Industries Sdn Bhd,company,LA-077,40820000,2025,in_review,2025-01-06,false
MY-KL-008,MY,KL,Kuala Lumpur city centre,"279 Jalan Ampang, Kuala Lumpur",3.158772,101.7159,68.8,41.35,residential_landed,lowrise_industrial,1,2180000,,personal,AP-078,Faizal binti Hassan,person,LA-078,1246000,2025,in_review,2025-11-13,false
MY-GT-001,MY,GT,George Town coastal,"335 Persiaran Gurney, George Town, Pulau Pinang",5.418915,100.338435,9.0,1.25,residential_landed,lowrise_industrial,3,1230000,,personal,AP-079,Rosli Cheah,person,LA-079,682000,2025,conditionally_approved,2025-03-17,false
MY-GT-002,MY,GT,George Town coastal,"99 Jalan Sultan Ahmad Shah, George Town, Pulau Pinang",5.42588,100.330773,3.7,0.57,residential_highrise_rc,rc_highrise,15,630000,,personal,AP-080,Hasnah Mohd Noor,person,LA-080,368000,2025,approved,2025-10-03,false
MY-GT-003,MY,GT,George Town coastal,"94 Jalan Sultan Ahmad Shah, George Town, Pulau Pinang",5.404292,100.331899,2.3,0.35,residential_highrise_rc,rc_highrise,19,1000000,,personal,AP-081,Mei Ling Khoo,person,LA-081,675000,2025,in_review,2025-04-01,false
MY-GT-004,MY,GT,George Town coastal,"318 Jalan Sultan Ahmad Shah, George Town, Pulau Pinang",5.412182,100.329096,5.1,0.95,residential_highrise_rc,rc_highrise,10,870000,,personal,AP-082,Chee Keong Ismail,person,LA-082,611000,2025,open,2025-11-22,false
MY-GT-005,MY,GT,George Town coastal,"388 Jalan Macalister, George Town, Pulau Pinang",5.408461,100.330356,2.6,0.48,residential_landed,lowrise_industrial,1,670000,,personal,AP-083,Zarina Lim,person,LA-083,391000,2025,in_review,2025-03-15,false
MY-GT-006,MY,GT,George Town coastal,"345 Lebuh Light, George Town, Pulau Pinang",5.418159,100.324865,2.0,0.59,shophouse_mixed,lowrise_industrial,2,21300000,,corporate,AP-084,Cemerlang Logistik Sdn Bhd,company,LA-084,11460000,2025,open,2025-09-10,false
MY-GT-007,MY,GT,George Town coastal,"131 Lebuh Pantai, George Town, Pulau Pinang",5.408047,100.325096,5.9,0.94,residential_highrise_rc,rc_highrise,34,1110000,,personal,AP-085,Siti Khoo,person,LA-085,775000,2025,in_review,2025-12-25,false
MY-DB-001,MY,DB,"Danga Bay, Johor Bahru","257 Jalan Skudai, Johor Bahru, Johor",1.460029,103.697209,5.4,0.73,residential_highrise_rc,rc_highrise,28,720000,,personal,AP-086,Wan Azman Lim,person,LA-086,442000,2025,in_review,2025-01-12,false
MY-DB-002,MY,DB,"Danga Bay, Johor Bahru","177 Jalan Tebrau, Johor Bahru, Johor",1.46925,103.70103,2.9,0.36,residential_highrise_rc,rc_highrise,12,780000,,personal,AP-087,Amirul Ismail,person,LA-087,483000,2025,in_review,2025-10-04,false
MY-DB-003,MY,DB,"Danga Bay, Johor Bahru","139 Persiaran Danga, Johor Bahru, Johor",1.479686,103.701552,2.7,0.56,residential_highrise_rc,rc_highrise,40,630000,,personal,AP-088,Zarina Tan,person,LA-088,398000,2025,in_review,2025-09-18,false
MY-DB-004,MY,DB,"Danga Bay, Johor Bahru","63 Jalan Danga, Johor Bahru, Johor",1.454904,103.720707,6.8,0.8,residential_landed,lowrise_industrial,1,810000,,personal,AP-089,Faizal Yusof,person,LA-089,515000,2025,in_review,2025-03-01,false
MY-DB-005,MY,DB,"Danga Bay, Johor Bahru","27 Jalan Tebrau, Johor Bahru, Johor",1.463741,103.710504,9.3,1.22,residential_landed,lowrise_industrial,1,1000000,,personal,AP-090,Chee Keong Subramaniam,person,LA-090,558000,2025,conditionally_approved,2025-10-24,false
MY-DB-006,MY,DB,"Danga Bay, Johor Bahru","356 Jalan Abdul Samad, Johor Bahru, Johor",1.476503,103.710058,9.5,1.28,industrial_warehouse,lowrise_industrial,2,22800000,,corporate,AP-091,Klang Valley Holdings Sdn Bhd,company,LA-091,11440000,2025,in_review,2025-03-11,false
MY-DB-007,MY,DB,"Danga Bay, Johor Bahru","193 Jalan Skudai, Johor Bahru, Johor",1.466396,103.694724,9.2,1.29,residential_highrise_rc,rc_highrise,6,880000,,personal,AP-092,Wan Azman Tan,person,LA-092,527000,2025,in_review,2025-11-18,false
MY-DB-008,MY,DB,"Danga Bay, Johor Bahru","253 Jalan Abdul Samad, Johor Bahru, Johor",1.48533,103.70881,3.4,0.78,industrial_warehouse,lowrise_industrial,1,12300000,,corporate,AP-093,Tebrau Sdn Bhd,company,LA-093,6720000,2025,in_review,2025-01-23,false
MY-KK-001,MY,KK,Kota Kinabalu,"8 Jalan Tuaran, Kota Kinabalu, Sabah",5.986584,116.06695,10.8,1.42,retail_podium,rc_highrise,5,17500000,,corporate,AP-094,Sinar Logistik Sdn Bhd,company,LA-094,8150000,2025,in_review,2025-12-23,false
MY-KK-002,MY,KK,Kota Kinabalu,"324 Jalan Coastal, Kota Kinabalu, Sabah",5.982252,116.084265,9.7,1.23,residential_highrise_rc,rc_highrise,16,890000,,personal,AP-095,Wan Azman Wong,person,LA-095,658000,2025,in_review,2025-06-18,false
MY-KK-003,MY,KK,Kota Kinabalu,"307 Jalan Tuaran, Kota Kinabalu, Sabah",5.963114,116.069881,12.2,1.3,residential_landed,lowrise_industrial,3,630000,,personal,AP-096,Sivakumar Gopal,person,LA-096,379000,2025,in_review,2025-08-10,false
MY-KK-004,MY,KK,Kota Kinabalu,"306 Jalan Lintas, Kota Kinabalu, Sabah",5.961084,116.05665,5.4,0.57,residential_highrise_rc,rc_highrise,6,720000,,personal,AP-097,Siti Ooi,person,LA-097,409000,2025,approved,2025-05-22,false
MY-KK-005,MY,KK,Kota Kinabalu,"238 Jalan Sembulan, Kota Kinabalu, Sabah",5.985002,116.075908,8.0,1.21,residential_highrise_rc,rc_highrise,19,890000,,personal,AP-098,Ahmad Ismail,person,LA-098,503000,2025,open,2025-06-10,false
MY-KK-006,MY,KK,Kota Kinabalu,"207 Jalan Sembulan, Kota Kinabalu, Sabah",5.978073,116.058035,13.7,1.45,residential_highrise_rc,rc_highrise,27,870000,,personal,AP-099,Faizal Zainal,person,LA-099,610000,2025,open,2025-03-24,false
MY-KK-007,MY,KK,Kota Kinabalu,"272 Jalan Tuaran, Kota Kinabalu, Sabah",5.974136,116.083034,5.6,0.69,residential_landed,lowrise_industrial,1,1090000,,personal,AP-100,Lai Peng Salleh,person,LA-100,763000,2025,open,2025-11-09,false
ID-PL-001,ID,PL,Pluit / Muara Baru / Ancol,"270 Jalan Pluit Karang Ayu, Penjaringan, Jakarta Utara",-6.117332,106.777832,2.0,1.88,residential_landed,lowrise_industrial,1,780000,,personal,AP-101,Siti Pratama,person,LA-101,509000,2025,open,2025-06-16,false
ID-PL-002,ID,PL,Pluit / Muara Baru / Ancol,"18 Jalan Lodan Raya, Penjaringan, Jakarta Utara",-6.121301,106.774377,0.3,0.74,residential_highrise_rc,rc_highrise,38,1440000,,personal,AP-102,Dewi Santoso,person,LA-102,855000,2025,in_review,2025-10-02,false
ID-PL-003,ID,PL,Pluit / Muara Baru / Ancol,"7 Jalan Muara Baru Raya, Penjaringan, Jakarta Utara",-6.122746,106.800068,-0.3,0.68,retail_podium,rc_highrise,4,21900000,id-ncicd-phase-a,corporate,AP-103,PT Pelita Sejahtera,company,LA-103,9260000,2025,in_review,2025-12-19,false
ID-PL-004,ID,PL,Pluit / Muara Baru / Ancol,"309 Jalan Muara Baru Raya, Penjaringan, Jakarta Utara",-6.123395,106.775786,0.6,1.02,residential_highrise_rc,rc_highrise,30,1300000,id-ncicd-phase-a,personal,AP-104,Ayu Widodo,person,LA-104,811000,2025,open,2025-09-09,false
ID-PL-005,ID,PL,Pluit / Muara Baru / Ancol,"139 Jalan Muara Baru Raya, Penjaringan, Jakarta Utara",-6.115413,106.794747,0.7,1.27,residential_highrise_rc,rc_highrise,12,930000,,personal,AP-105,Ratna Saputra,person,LA-105,539000,2025,in_review,2025-05-01,false
ID-PL-006,ID,PL,Pluit / Muara Baru / Ancol,"181 Jalan Pluit Selatan, Penjaringan, Jakarta Utara",-6.104512,106.798183,1.5,1.64,residential_landed,lowrise_industrial,2,680000,,personal,AP-106,Putri Simanjuntak,person,LA-106,450000,2025,in_review,2025-02-20,false
ID-PL-007,ID,PL,Pluit / Muara Baru / Ancol,"356 Jalan Pluit Karang Ayu, Penjaringan, Jakarta Utara",-6.12803,106.782617,-0.2,0.73,retail_podium,rc_highrise,4,14600000,,corporate,AP-107,PT Serpong Jaya Utama,company,LA-107,8030000,2025,in_review,2025-08-27,false
ID-PL-008,ID,PL,Pluit / Muara Baru / Ancol,"231 Jalan Muara Baru Raya, Penjaringan, Jakarta Utara",-6.120882,106.783926,2.0,1.94,residential_landed,lowrise_industrial,3,730000,id-ncicd-phase-a,personal,AP-108,Siti Widodo,person,LA-108,504000,2025,approved,2025-06-26,false
ID-PL-009,ID,PL,Pluit / Muara Baru / Ancol,"331 Jalan Muara Baru Raya, Penjaringan, Jakarta Utara",-6.114473,106.780542,1.5,1.11,industrial_warehouse,lowrise_industrial,1,21100000,,corporate,AP-109,PT Harapan Logistik,company,LA-109,12000000,2025,approved,2025-04-04,false
ID-PL-010,ID,PL,Pluit / Muara Baru / Ancol,"361 Jalan Lodan Raya, Penjaringan, Jakarta Utara",-6.120271,106.803835,-0.2,0.39,residential_highrise_rc,rc_highrise,15,800000,id-ncicd-phase-a,personal,AP-110,Sri Wijaya,person,LA-110,509000,2025,in_review,2025-05-23,false
ID-PL-011,ID,PL,Pluit / Muara Baru / Ancol,"61 Jalan Pluit Selatan, Penjaringan, Jakarta Utara",-6.10417,106.782428,0.3,0.85,residential_highrise_rc,rc_highrise,25,1270000,,personal,AP-111,Dian Anggraini,person,LA-111,841000,2025,approved,2025-08-22,false
ID-PL-012,ID,PL,Pluit / Muara Baru / Ancol,"103 Jalan Muara Baru Raya, Penjaringan, Jakarta Utara",-6.119617,106.785447,1.9,1.35,residential_highrise_rc,rc_highrise,9,1260000,,personal,AP-112,Siti Hartono,person,LA-112,729000,2025,conditionally_approved,2025-06-02,false
ID-CJ-001,ID,CJ,Central Jakarta,"169 Jalan Menteng Raya, Menteng, Jakarta Pusat",-6.174184,106.822898,4.9,5.82,residential_landed,lowrise_industrial,3,1600000,,personal,AP-113,Nurhayati Setiawan,person,LA-113,1037000,2025,in_review,2025-04-26,false
ID-CJ-002,ID,CJ,Central Jakarta,"251 Jalan Cikini Raya, Menteng, Jakarta Pusat",-6.180222,106.841955,11.6,8.45,residential_highrise_rc,rc_highrise,3,2600000,id-ncicd-phase-a,personal,AP-114,Ratna Mulyani,person,LA-114,1836000,2025,open,2025-06-12,false
ID-CJ-003,ID,CJ,Central Jakarta,"350 Jalan Cikini Raya, Menteng, Jakarta Pusat",-6.180768,106.827465,5.0,5.39,office_tower,rc_highrise,1,47900000,id-ncicd-phase-a,corporate,AP-115,PT Kencana Persada,company,LA-115,20520000,2025,in_review,2025-05-23,false
ID-CJ-004,ID,CJ,Central Jakarta,"324 Jalan Sudirman, Menteng, Jakarta Pusat",-6.196863,106.823664,5.1,5.59,residential_highrise_rc,rc_highrise,29,1870000,id-ncicd-phase-a,personal,AP-116,Budi Hartono,person,LA-116,1202000,2025,approved,2025-11-16,false
ID-CJ-005,ID,CJ,Central Jakarta,"166 Jalan Cikini Raya, Menteng, Jakarta Pusat",-6.172995,106.828562,9.1,6.83,office_tower,rc_highrise,10,58100000,id-ncicd-phase-a,corporate,AP-117,PT Kaligawe Sejahtera,company,LA-117,26720000,2025,in_review,2025-06-18,false
ID-CJ-006,ID,CJ,Central Jakarta,"188 Jalan M.H. Thamrin, Menteng, Jakarta Pusat",-6.179826,106.822238,4.8,6.51,office_tower,rc_highrise,8,60500000,,corporate,AP-118,PT Kencana Mandiri,company,LA-118,24310000,2025,in_review,2025-10-15,false
ID-BS-001,ID,BS,"BSD City, Tangerang","382 Jalan Edutown, BSD City, Tangerang Selatan",-6.292375,106.6656,52.9,28.0,office_tower,rc_highrise,20,25500000,,corporate,AP-119,PT Nusantara Persada,company,LA-119,13890000,2025,in_review,2025-06-03,false
ID-BS-002,ID,BS,"BSD City, Tangerang","291 Jalan Grand Boulevard, BSD City, Tangerang Selatan",-6.282117,106.655613,30.9,23.55,office_tower,rc_highrise,26,11700000,,corporate,AP-120,PT Nusantara Sejahtera,company,LA-120,5480000,2025,in_review,2025-12-05,false
ID-BS-003,ID,BS,"BSD City, Tangerang","153 Jalan Grand Boulevard, BSD City, Tangerang Selatan",-6.285004,106.675199,41.4,25.58,residential_highrise_rc,rc_highrise,30,820000,,personal,AP-121,Budi Saputra,person,LA-121,464000,2025,in_review,2025-02-17,false
ID-BS-004,ID,BS,"BSD City, Tangerang","106 Jalan Raya Serpong, BSD City, Tangerang Selatan",-6.285829,106.654604,26.3,24.5,residential_landed,lowrise_industrial,1,910000,,personal,AP-122,Yuni Santoso,person,LA-122,571000,2025,in_review,2025-08-15,false
ID-BS-005,ID,BS,"BSD City, Tangerang","98 Jalan Raya Serpong, BSD City, Tangerang Selatan",-6.301043,106.644102,47.3,27.07,residential_landed,lowrise_industrial,2,1310000,,personal,AP-123,Sri Mulyani,person,LA-123,967000,2025,in_review,2025-11-07,false
ID-BS-006,ID,BS,"BSD City, Tangerang","242 Jalan Raya Serpong, BSD City, Tangerang Selatan",-6.306254,106.669339,44.6,25.61,residential_landed,lowrise_industrial,2,740000,,personal,AP-124,Rizky Mulyani,person,LA-124,407000,2025,in_review,2025-12-12,false
ID-BS-007,ID,BS,"BSD City, Tangerang","321 Jalan Grand Boulevard, BSD City, Tangerang Selatan",-6.289022,106.651443,33.4,22.98,residential_highrise_rc,rc_highrise,2,1240000,,personal,AP-125,Fajar Rahmawati,person,LA-125,808000,2025,in_review,2025-02-06,false
ID-BS-008,ID,BS,"BSD City, Tangerang","296 Jalan Grand Boulevard, BSD City, Tangerang Selatan",-6.309461,106.66082,43.1,26.48,residential_highrise_rc,rc_highrise,16,1100000,,personal,AP-126,Agus Simanjuntak,person,LA-126,731000,2025,open,2025-01-21,false
ID-SM-001,ID,SM,Semarang north coast,"81 Jalan Kaligawe Raya, Semarang Utara, Jawa Tengah",-6.951874,110.407431,1.8,1.95,residential_landed,lowrise_industrial,1,760000,id-banger-polder,personal,AP-127,Hendra Mulyani,person,LA-127,420000,2025,in_review,2025-07-10,false
ID-SM-002,ID,SM,Semarang north coast,"336 Jalan Ronggowarsito, Semarang Utara, Jawa Tengah",-6.955901,110.435103,0.3,0.63,industrial_warehouse,lowrise_industrial,2,17500000,id-banger-polder,corporate,AP-128,PT Kaligawe Logistik,company,LA-128,9560000,2025,in_review,2025-06-06,false
ID-SM-003,ID,SM,Semarang north coast,"205 Jalan Tanah Mas, Semarang Utara, Jawa Tengah",-6.951601,110.427008,0.1,1.24,residential_highrise_rc,rc_highrise,8,750000,,personal,AP-129,Eko Simanjuntak,person,LA-129,557000,2025,in_review,2025-12-17,false
ID-SM-004,ID,SM,Semarang north coast,"185 Jalan Ronggowarsito, Semarang Utara, Jawa Tengah",-6.936102,110.433972,1.5,1.68,residential_highrise_rc,rc_highrise,33,770000,id-banger-polder,personal,AP-130,Wahyu Simanjuntak,person,LA-130,574000,2025,open,2025-11-28,false
ID-SM-005,ID,SM,Semarang north coast,"9 Jalan Ronggowarsito, Semarang Utara, Jawa Tengah",-6.940235,110.42306,2.4,2.5,shophouse_mixed,lowrise_industrial,3,18900000,id-banger-polder,corporate,AP-131,PT Cakrawala Logistik,company,LA-131,8280000,2025,in_review,2025-06-14,false
ID-SM-006,ID,SM,Semarang north coast,"201 Jalan Kaligawe Raya, Semarang Utara, Jawa Tengah",-6.940205,110.414491,0.5,1.13,residential_landed,lowrise_industrial,1,810000,id-banger-polder,personal,AP-132,Nurhayati Halim,person,LA-132,462000,2025,in_review,2025-04-28,false
ID-SM-007,ID,SM,Semarang north coast,"169 Jalan Tanah Mas, Semarang Utara, Jawa Tengah",-6.960766,110.405463,2.1,2.31,residential_highrise_rc,rc_highrise,14,840000,,personal,AP-133,Dian Widodo,person,LA-133,578000,2025,open,2025-11-16,false
ID-SB-001,ID,SB,Surabaya,"124 Jalan Basuki Rahmat, Surabaya, Jawa Timur",-7.233873,112.718448,4.3,3.88,retail_podium,rc_highrise,1,19000000,,corporate,AP-134,PT Tanjung Priok Mandiri,company,LA-134,9710000,2025,in_review,2025-10-26,false
ID-SB-002,ID,SB,Surabaya,"356 Jalan Perak Barat, Surabaya, Jawa Timur",-7.237118,112.724787,1.6,2.91,residential_landed,lowrise_industrial,1,1080000,,personal,AP-135,Budi Mulyani,person,LA-135,633000,2025,conditionally_approved,2025-08-09,false
ID-SB-003,ID,SB,Surabaya,"94 Jalan Basuki Rahmat, Surabaya, Jawa Timur",-7.239726,112.751668,6.2,4.53,residential_highrise_rc,rc_highrise,16,770000,,personal,AP-136,Yuni Hidayat,person,LA-136,476000,2025,approved,2025-09-02,false
ID-SB-004,ID,SB,Surabaya,"91 Jalan Kenjeran, Surabaya, Jawa Timur",-7.215132,112.74885,5.3,5.31,residential_highrise_rc,rc_highrise,2,940000,,personal,AP-137,Fajar Simanjuntak,person,LA-137,583000,2025,conditionally_approved,2025-10-08,false
ID-SB-005,ID,SB,Surabaya,"134 Jalan Rungkut Industri, Surabaya, Jawa Timur",-7.218986,112.726666,8.1,6.91,retail_podium,rc_highrise,5,9200000,,corporate,AP-138,PT Graha Logistik,company,LA-138,4850000,2025,in_review,2025-10-15,false
ID-SB-006,ID,SB,Surabaya,"113 Jalan Kenjeran, Surabaya, Jawa Timur",-7.22803,112.737772,8.9,5.57,residential_highrise_rc,rc_highrise,26,860000,,personal,AP-139,Ayu Halim,person,LA-139,575000,2025,in_review,2025-01-01,false
ID-SB-007,ID,SB,Surabaya,"65 Jalan Rungkut Industri, Surabaya, Jawa Timur",-7.212645,112.753049,4.7,5.22,residential_landed,lowrise_industrial,2,1100000,,personal,AP-140,Ratna Santoso,person,LA-140,664000,2025,open,2025-03-17,false
CN-PD-001,CN,PD,Pudong / Lujiazui,"255 Pudong South Road, Pudong, Shanghai",31.229034,121.516167,3.4,15.74,residential_highrise_rc,rc_highrise,24,3680000,,personal,AP-141,Hui Zhao,person,LA-141,2442000,2025,in_review,2025-03-14,false
CN-PD-002,CN,PD,Pudong / Lujiazui,"144 Yincheng Middle Road, Pudong, Shanghai",31.238489,121.517768,5.9,19.25,office_tower,rc_highrise,6,52900000,,corporate,AP-142,Zhangjiang Property Group Co. Ltd,company,LA-142,24580000,2025,in_review,2025-06-16,false
CN-PD-003,CN,PD,Pudong / Lujiazui,"191 Century Avenue, Pudong, Shanghai",31.232613,121.520277,6.0,19.39,residential_landed,lowrise_industrial,3,3810000,cn-shanghai-seawall,personal,AP-143,Chen Xu,person,LA-143,2202000,2025,in_review,2025-11-23,false
CN-PD-004,CN,PD,Pudong / Lujiazui,"28 Yincheng Middle Road, Pudong, Shanghai",31.234484,121.499149,6.1,20.93,residential_highrise_rc,rc_highrise,22,3630000,cn-shanghai-seawall,personal,AP-144,Peng Liu,person,LA-144,2676000,2025,open,2025-08-12,false
CN-PD-005,CN,PD,Pudong / Lujiazui,"351 Lujiazui Ring Road, Pudong, Shanghai",31.223647,121.518263,3.6,16.19,residential_highrise_rc,rc_highrise,22,3460000,cn-shanghai-seawall,personal,AP-145,Ying Chen,person,LA-145,2177000,2025,in_review,2025-07-02,false
CN-PD-006,CN,PD,Pudong / Lujiazui,"129 Yincheng Middle Road, Pudong, Shanghai",31.243356,121.49035,4.6,17.84,office_tower,rc_highrise,13,97200000,cn-shanghai-seawall,corporate,AP-146,Jinqiao Development Co. Ltd,company,LA-146,53130000,2025,open,2025-06-18,false
CN-PD-007,CN,PD,Pudong / Lujiazui,"394 Pudong South Road, Pudong, Shanghai",31.22341,121.519914,3.6,14.54,office_tower,rc_highrise,25,106900000,cn-shanghai-seawall,corporate,AP-147,Xiamen Gulf Holdings Co. Ltd,company,LA-147,49640000,2025,in_review,2025-04-24,false
CN-PD-008,CN,PD,Pudong / Lujiazui,"240 Dongyuan Road, Pudong, Shanghai",31.231299,121.50925,4.3,15.16,office_tower,rc_highrise,6,60900000,cn-shanghai-seawall,corporate,AP-148,Huangpu Holdings Co. Ltd,company,LA-148,25060000,2025,in_review,2025-07-23,false
CN-PD-009,CN,PD,Pudong / Lujiazui,"86 Yincheng Middle Road, Pudong, Shanghai",31.220278,121.507564,4.2,17.78,retail_podium,rc_highrise,5,44500000,,corporate,AP-149,Hongqiao Logistics Co. Ltd,company,LA-149,25070000,2025,in_review,2025-07-16,false
CN-PD-010,CN,PD,Pudong / Lujiazui,"254 Pudong South Road, Pudong, Shanghai",31.222222,121.502767,3.1,15.21,residential_highrise_rc,rc_highrise,23,3550000,cn-shanghai-seawall,personal,AP-150,Bin Wu,person,LA-150,2181000,2025,approved,2025-01-21,false
CN-NS-001,CN,NS,"Nansha, Guangzhou","388 Haibin Road, Nansha, Guangzhou",22.75438,113.55767,1.5,4.5,residential_highrise_rc,rc_highrise,2,860000,,personal,AP-151,Jun Liu,person,LA-151,583000,2025,in_review,2025-12-06,false
CN-NS-002,CN,NS,"Nansha, Guangzhou","15 Fengze Road, Nansha, Guangzhou",22.760174,113.552258,2.9,5.51,office_tower,rc_highrise,16,17700000,,corporate,AP-152,Yinzhou Industrial Co. Ltd,company,LA-152,7420000,2025,conditionally_approved,2025-01-28,false
CN-NS-003,CN,NS,"Nansha, Guangzhou","89 Jinmao Avenue, Nansha, Guangzhou",22.760209,113.526105,3.9,10.01,residential_highrise_rc,rc_highrise,4,860000,,personal,AP-153,Fang Li,person,LA-153,480000,2025,approved,2025-05-05,false
CN-NS-004,CN,NS,"Nansha, Guangzhou","86 Jinmao Avenue, Nansha, Guangzhou",22.765841,113.521957,2.8,4.89,office_tower,rc_highrise,32,11300000,,corporate,AP-154,Baoshan Holdings Co. Ltd,company,LA-154,6280000,2025,open,2025-07-07,false
CN-NS-005,CN,NS,"Nansha, Guangzhou","61 Nansha Avenue, Nansha, Guangzhou",22.771054,113.536559,2.9,7.13,residential_landed,lowrise_industrial,2,1090000,,personal,AP-155,Mei Wang,person,LA-155,809000,2025,open,2025-03-09,false
CN-NS-006,CN,NS,"Nansha, Guangzhou","167 Huangge Avenue, Nansha, Guangzhou",22.760811,113.53708,2.6,5.19,residential_highrise_rc,rc_highrise,29,850000,,personal,AP-156,Ying Zhu,person,LA-156,551000,2025,open,2025-04-04,false
CN-NS-007,CN,NS,"Nansha, Guangzhou","110 Haibin Road, Nansha, Guangzhou",22.766149,113.559404,4.2,9.73,residential_highrise_rc,rc_highrise,8,1450000,,personal,AP-157,Yan Gao,person,LA-157,803000,2025,in_review,2025-08-03,false
CN-NS-008,CN,NS,"Nansha, Guangzhou","107 Huangge Avenue, Nansha, Guangzhou",22.78354,113.539603,1.5,4.76,industrial_warehouse,lowrise_industrial,1,24600000,,corporate,AP-158,Hongqiao Property Group Co. Ltd,company,LA-158,12900000,2025,approved,2025-03-24,false
CN-QH-001,CN,QH,"Qianhai, Shenzhen","204 Qianwan First Road, Qianhai, Shenzhen",22.53071,113.883059,5.4,1.86,office_tower,rc_highrise,26,30200000,,corporate,AP-159,Jinqiao Property Group Co. Ltd,company,LA-159,14720000,2025,conditionally_approved,2025-10-23,false
CN-QH-002,CN,QH,"Qianhai, Shenzhen","257 Menghai Avenue, Qianhai, Shenzhen",22.541767,113.896522,6.1,2.37,office_tower,rc_highrise,1,63100000,,corporate,AP-160,Haizhu Property Group Co. Ltd,company,LA-160,26220000,2025,in_review,2025-03-12,false
CN-QH-003,CN,QH,"Qianhai, Shenzhen","284 Qianwan First Road, Qianhai, Shenzhen",22.541259,113.89447,7.5,2.5,residential_highrise_rc,rc_highrise,31,2330000,,personal,AP-161,Min Ma,person,LA-161,1552000,2025,in_review,2025-11-19,false
CN-QH-004,CN,QH,"Qianhai, Shenzhen","287 Linhai Avenue, Qianhai, Shenzhen",22.526952,113.885654,6.2,1.52,residential_highrise_rc,rc_highrise,4,1550000,,personal,AP-162,Na Zhang,person,LA-162,866000,2025,approved,2025-02-21,false
CN-QH-005,CN,QH,"Qianhai, Shenzhen","197 Baohua Road, Qianhai, Shenzhen",22.528219,113.898957,8.0,2.52,residential_highrise_rc,rc_highrise,40,1890000,,personal,AP-163,Qiang Wang,person,LA-163,1357000,2025,approved,2025-11-02,false
CN-QH-006,CN,QH,"Qianhai, Shenzhen","323 Menghai Avenue, Qianhai, Shenzhen",22.526055,113.89431,7.8,2.71,office_tower,rc_highrise,10,19000000,,corporate,AP-164,Qianhai Industrial Co. Ltd,company,LA-164,11240000,2025,approved,2025-10-14,false
CN-QH-007,CN,QH,"Qianhai, Shenzhen","243 Linhai Avenue, Qianhai, Shenzhen",22.532304,113.885857,5.6,1.58,residential_highrise_rc,rc_highrise,40,2110000,,personal,AP-165,Yan Ma,person,LA-165,1466000,2025,open,2025-05-25,false
CN-XM-001,CN,XM,Xiamen,"269 Huandao Road, Siming, Xiamen",24.489762,118.075841,10.2,1.73,retail_podium,rc_highrise,3,24800000,,corporate,AP-166,Huangpu Holdings Co. Ltd,company,LA-166,14350000,2025,conditionally_approved,2025-11-13,false
CN-XM-002,CN,XM,Xiamen,"371 Huandao Road, Siming, Xiamen",24.4871,118.090812,5.1,0.61,residential_landed,lowrise_industrial,2,1160000,,personal,AP-167,Hui Huang,person,LA-167,733000,2025,conditionally_approved,2025-01-27,false
CN-XM-003,CN,XM,Xiamen,"219 Hubin South Road, Siming, Xiamen",24.478305,118.096203,16.3,2.16,residential_highrise_rc,rc_highrise,20,1180000,,personal,AP-168,Tao Ma,person,LA-168,705000,2025,in_review,2025-07-10,false
CN-XM-004,CN,XM,Xiamen,"183 Huandao Road, Siming, Xiamen",24.482322,118.101079,11.5,1.49,residential_highrise_rc,rc_highrise,38,1680000,,personal,AP-169,Na Zhang,person,LA-169,1124000,2025,in_review,2025-08-13,false
CN-XM-005,CN,XM,Xiamen,"305 Jiahe Road, Siming, Xiamen",24.488385,118.101931,6.1,1.28,residential_highrise_rc,rc_highrise,9,1500000,,personal,AP-170,Qiang Gao,person,LA-170,954000,2025,in_review,2025-04-22,false
CN-NB-001,CN,NB,Ningbo,"232 Zhongshan East Road, Yinzhou, Ningbo",29.85913,121.539614,7.9,18.92,residential_landed,lowrise_industrial,1,1620000,,personal,AP-171,Yan Guo,person,LA-171,1164000,2025,approved,2025-02-22,false
CN-NB-002,CN,NB,Ningbo,"282 Sanjiangkou Road, Yinzhou, Ningbo",29.860923,121.542634,2.3,7.39,residential_highrise_rc,rc_highrise,20,1290000,,personal,AP-172,Xue Zhu,person,LA-172,719000,2025,in_review,2025-10-27,false
CN-NB-003,CN,NB,Ningbo,"368 Sanjiangkou Road, Yinzhou, Ningbo",29.877795,121.536791,7.6,17.84,residential_highrise_rc,rc_highrise,15,980000,,personal,AP-173,Jing Sun,person,LA-173,653000,2025,in_review,2025-02-14,false
CN-NB-004,CN,NB,Ningbo,"169 Baizhang Road, Yinzhou, Ningbo",29.875667,121.546975,2.2,8.67,residential_highrise_rc,rc_highrise,33,1310000,,personal,AP-174,Yan Zhu,person,LA-174,925000,2025,open,2025-01-15,false
CN-NB-005,CN,NB,Ningbo,"161 Heyi Avenue, Yinzhou, Ningbo",29.862486,121.545903,2.9,12.04,retail_podium,rc_highrise,4,17200000,,corporate,AP-175,Lujiazui Logistics Co. Ltd,company,LA-175,7750000,2025,approved,2025-10-05,false
HK-TK-001,HK,TK,Tseung Kwan O,"57 Pui Shing Road, Tseung Kwan O, New Territories",22.32219,114.26604,3.8,0.56,residential_highrise_rc,rc_highrise,7,1310000,hk-drainage-tunnels,personal,AP-176,Ho Yin Poon,person,LA-176,948000,2025,in_review,2025-03-23,false
HK-TK-002,HK,TK,Tseung Kwan O,"352 Pui Shing Road, Tseung Kwan O, New Territories",22.309308,114.262195,11.6,1.52,residential_highrise_rc,rc_highrise,4,2490000,,personal,AP-177,Chi Wai Hui,person,LA-177,1780000,2025,in_review,2025-04-13,false
HK-TK-003,HK,TK,Tseung Kwan O,"96 Tong Chun Street, Tseung Kwan O, New Territories",22.311441,114.26124,6.3,1.0,residential_highrise_rc,rc_highrise,18,1860000,hk-drainage-tunnels,personal,AP-178,Mei Fong Tam,person,LA-178,1344000,2025,in_review,2025-05-04,false
HK-TK-004,HK,TK,Tseung Kwan O,"111 Po Yap Road, Tseung Kwan O, New Territories",22.322076,114.258575,8.0,1.32,industrial_warehouse,lowrise_industrial,1,21000000,hk-drainage-tunnels,corporate,AP-179,Causeway Limited,company,LA-179,10980000,2025,in_review,2025-10-21,false
HK-TK-005,HK,TK,Tseung Kwan O,"54 Pui Shing Road, Tseung Kwan O, New Territories",22.315601,114.250368,11.4,1.9,industrial_warehouse,lowrise_industrial,1,23900000,,corporate,AP-180,Victoria Harbour Properties Limited,company,LA-180,12810000,2025,in_review,2025-05-16,false
HK-TK-006,HK,TK,Tseung Kwan O,"125 Wan Po Road, Tseung Kwan O, New Territories",22.308646,114.269174,5.9,0.75,residential_highrise_rc,rc_highrise,22,2590000,,personal,AP-181,Kwok Wai Leung,person,LA-181,1916000,2025,conditionally_approved,2025-09-04,false
HK-HF-001,HK,HF,Heng Fa Chuen / Chai Wan,"84 Heng Fa Chuen Road, Chai Wan, Hong Kong Island",22.275269,114.244112,6.1,0.98,industrial_warehouse,lowrise_industrial,2,17000000,,corporate,AP-182,Fo Tan Logistics Limited,company,LA-182,7340000,2025,conditionally_approved,2025-03-20,false
HK-HF-002,HK,HF,Heng Fa Chuen / Chai Wan,"234 Sheung On Street, Chai Wan, Hong Kong Island",22.280416,114.239884,3.9,0.54,residential_highrise_rc,rc_highrise,6,1730000,,personal,AP-183,Chi Wai Chan,person,LA-183,965000,2025,approved,2025-01-01,false
HK-HF-003,HK,HF,Heng Fa Chuen / Chai Wan,"279 Wan Tsui Road, Chai Wan, Hong Kong Island",22.279962,114.240079,4.3,0.68,residential_highrise_rc,rc_highrise,26,1590000,hk-drainage-tunnels,personal,AP-184,Chun Kit Yeung,person,LA-184,1161000,2025,approved,2025-09-07,false
HK-HF-004,HK,HF,Heng Fa Chuen / Chai Wan,"214 Heng Fa Chuen Road, Chai Wan, Hong Kong Island",22.277597,114.237895,4.3,0.77,residential_highrise_rc,rc_highrise,27,2180000,hk-drainage-tunnels,personal,AP-185,Hiu Tung Poon,person,LA-185,1491000,2025,in_review,2025-06-18,false
HK-HF-005,HK,HF,Heng Fa Chuen / Chai Wan,"307 Hong Man Street, Chai Wan, Hong Kong Island",22.282757,114.231212,4.6,0.47,residential_highrise_rc,rc_highrise,15,1520000,,personal,AP-186,Ka Yan Chow,person,LA-186,916000,2025,approved,2025-02-01,false
HK-KT-001,HK,KT,Kai Tak,"79 Sheung Yuet Road, Kai Tak, Kowloon",22.330961,114.206597,7.9,1.18,residential_highrise_rc,rc_highrise,32,2270000,,personal,AP-187,Mei Fong Poon,person,LA-187,1322000,2025,in_review,2025-08-10,false
HK-KT-002,HK,KT,Kai Tak,"289 Muk On Street, Kai Tak, Kowloon",22.33,114.202325,6.6,0.92,residential_highrise_rc,rc_highrise,24,2360000,hk-drainage-tunnels,personal,AP-188,Wai Yee Mak,person,LA-188,1456000,2025,approved,2025-06-02,false
HK-KT-003,HK,KT,Kai Tak,"82 Concorde Road, Kai Tak, Kowloon",22.337259,114.199002,7.6,1.09,office_tower,rc_highrise,2,26900000,hk-drainage-tunnels,corporate,AP-189,Kowloon Bay Logistics Limited,company,LA-189,11890000,2025,approved,2025-05-01,false
HK-KT-004,HK,KT,Kai Tak,"309 Olympic Avenue, Kai Tak, Kowloon",22.333902,114.199575,3.9,0.73,office_tower,rc_highrise,20,57100000,,corporate,AP-190,Tai Kok Tsui Holdings Limited,company,LA-190,24930000,2025,in_review,2025-08-07,false
HK-KT-005,HK,KT,Kai Tak,"376 Muk On Street, Kai Tak, Kowloon",22.334964,114.206399,5.6,0.72,residential_highrise_rc,rc_highrise,20,3010000,,personal,AP-191,Wing Sze Yeung,person,LA-191,2250000,2025,open,2025-07-16,false
HK-TP-001,HK,TP,Tai Po / Sha Tin,"238 Tai Po Tai Wo Road, Tai Po, New Territories",22.454638,114.157896,33.2,2.42,retail_podium,rc_highrise,1,23100000,hk-drainage-tunnels,corporate,AP-192,Tsuen Wan Logistics Limited,company,LA-192,10780000,2025,approved,2025-05-18,false
HK-TP-002,HK,TP,Tai Po / Sha Tin,"13 Sha Tin Rural Committee Road, Tai Po, New Territories",22.464562,114.174354,41.1,3.58,residential_landed,lowrise_industrial,3,2740000,,personal,AP-193,Chun Kit Lai,person,LA-193,1989000,2025,in_review,2025-06-08,false
HK-TP-003,HK,TP,Tai Po / Sha Tin,"91 Sha Tin Rural Committee Road, Tai Po, New Territories",22.458954,114.166466,36.6,2.79,residential_landed,lowrise_industrial,2,2810000,hk-drainage-tunnels,personal,AP-194,Yuen Man Leung,person,LA-194,2068000,2025,in_review,2025-02-27,false
HK-TP-004,HK,TP,Tai Po / Sha Tin,"250 Ting Kok Road, Tai Po, New Territories",22.439336,114.167958,12.3,1.65,residential_highrise_rc,rc_highrise,23,2370000,hk-drainage-tunnels,personal,AP-195,Chun Kit Ho,person,LA-195,1610000,2025,approved,2025-05-02,false
HK-TP-005,HK,TP,Tai Po / Sha Tin,"301 Sha Tin Rural Committee Road, Tai Po, New Territories",22.42645,114.183812,37.9,2.84,residential_landed,lowrise_industrial,2,1780000,,personal,AP-196,Cheuk Yin Mak,person,LA-196,1183000,2025,open,2025-02-17,false
HK-TC-001,HK,TC,Tung Chung,"306 Ying Tung Road, Tung Chung, Lantau",22.284808,113.94639,6.0,0.69,retail_podium,rc_highrise,4,14300000,,corporate,AP-197,Cheung Sha Wan Limited,company,LA-197,6650000,2025,conditionally_approved,2025-03-15,false
HK-TC-002,HK,TC,Tung Chung,"316 Ying Tung Road, Tung Chung, Lantau",22.290416,113.950699,13.8,1.07,residential_highrise_rc,rc_highrise,23,1450000,hk-drainage-tunnels,personal,AP-198,Sze Wing Hui,person,LA-198,827000,2025,open,2025-12-25,false
HK-TC-003,HK,TC,Tung Chung,"178 Chung Yan Road, Tung Chung, Lantau",22.297543,113.951672,9.9,0.84,residential_highrise_rc,rc_highrise,23,1930000,,personal,AP-199,Ka Ming Chan,person,LA-199,1360000,2025,conditionally_approved,2025-02-03,false
HK-TC-004,HK,TC,Tung Chung,"396 Tat Tung Road, Tung Chung, Lantau",22.287374,113.951564,8.7,1.07,residential_highrise_rc,rc_highrise,27,1550000,hk-drainage-tunnels,personal,AP-200,Lok Yiu Tam,person,LA-200,1107000,2025,in_review,2025-12-02,false
