collateral_id,cached_path,live_url,capture_date,provider,layer,tile_z,tile_x,tile_y,mean_luminance,fetched_at
SG-MS-001,/cache/thumbs/SG-MS-001-0a3b72c49e.jpg,https://gibs.earthdata.nasa.gov/wmts/epsg3857/best/HLS_S30_Nadir_BRDF_Adjusted_Reflectance/default/2026-09-06/GoogleMapsCompatible_Level12/12/2033/3229.jpg,2026-09-06,NASA GIBS / HLS Sentinel-2,HLS_S30_Nadir_BRDF_Adjusted_Reflectance,12,3229,2033,90.7,2026-09-08T19:00:48+00:00
SG-MS-002,/cache/thumbs/SG-MS-002-0a3b72c49e.jpg,https://gibs.earthdata.nasa.gov/wmts/epsg3857/best/HLS_S30_Nadir_BRDF_Adjusted_Reflectance/default/2026-09-06/GoogleMapsCompatible_Level12/12/2033/3229.jpg,2026-09-06,NASA GIBS / HLS Sentinel-2,HLS_S30_Nadir_BRDF_Adjusted_Reflectance,12,3229,2033,90.7,2026-09-08T19:00:48+00:00
SG-MS-003,/cache/thumbs/SG-MS-003-0a3b72c49e.jpg,https://gibs.earthdata.nasa.gov/wmts/epsg3857/best/HLS_S30_Nadir_BRDF_Adjusted_Reflectance/default/2026-09-06/GoogleMapsCompatible_Level12/12/2033/3229.jpg,2026-09-06,NASA GIBS / HLS Sentinel-2,HLS_S30_Nadir_BRDF_Adjusted_Reflectance,12,3229,2033,90.7,2026-09-08T19:00:48+00:00
SG-MS-004,/cache/thumbs/SG-MS-004-0a3b72c49e.jpg,https://gibs.earthdata.nasa.gov/wmts/epsg3857/best/HLS_S30_Nadir_BRDF_Adjusted_Reflectance/default/2026-09-06/GoogleMapsCompatible_Level12/12/2033/3229.jpg,2026-09-06,NASA GIBS / HLS Sentinel-2,HLS_S30_Nadir_BRDF_Adjusted_Reflectance,12,3229,2033,90.7,2026-09-08T19:00:48+00:00
SG-MS-005,/cache/thumbs/SG-MS-005-0a3b72c49e.jpg,https://gibs.earthdata.nasa.gov/wmts/epsg3857/best/HLS_S30_Nadir_BRDF_Adjusted_Reflectance/default/2026-09-06/GoogleMapsCompatible_Level12/12/2033/3229.jpg,2026-09-06,NASA GIBS / HLS Sentinel-2,HLS_S30_Nadir_BRDF_Adjusted_Reflectance,12,3229,2033,90.7,2026-09-08T19:00:48+00:00
SG-MS-006,/cache/thumbs/SG-MS-006-0a3b72c49e.jpg,https://gibs.earthdata.nasa.gov/wmts/epsg3857/best/HLS_S30_Nadir_BRDF_Adjusted_Reflectance/default/2026-09-06/GoogleMapsCompatible_Level12/12/2033/3229.jpg,2026-09-06,NASA GIBS / HLS Sentinel-2,HLS_S30_Nadir_BRDF_Adjusted_Reflectance,12,3229,2033,90.7,2026-09-08T19:00:48+00:00
SG-MS-007,/cache/thumbs/SG-MS-007-0a3b72c49e.jpg,https://gibs.earthdata.nasa.gov/wmts/epsg3857/best/HLS_S30_Nadir_BRDF_Adjusted_Reflectance/default/2026-09-06/GoogleMapsCompatible_Level12/12/2033/3229.jpg,2026-09-06,NASA GIBS / HLS Sentinel-2,HLS_S30_Nadir_BRDF_Adjusted_Reflectance,12,3229,2033,90.7,2026-09-08T19:00:48+00:00
SG-MS-008,/cache/thumbs/SG-MS-008-0a3b72c49e.jpg,https://gibs.earthdata.nasa.gov/wmts/epsg3857/best/HLS_S30_Nadir_BRDF_Adjusted_Reflectance/default/2026-09-06/GoogleMapsCompatible_Level12/12/2033/3229.jpg,2026-09-06,NASA GIBS / HLS Sentinel-2,HLS_S30_Nadir_BRDF_Adjusted_Reflectance,12,3229,2033,90.7,2026-09-08T19:00:48+00:00
SG-MS-009,/cache/thumbs/SG-MS-009-0a3b72c49e.jpg,https://gibs.earthdata.nasa.gov/wmts/epsg3857/best/HLS_S30_Nadir_BRDF_Adjusted_Reflectance/default/2026-09-06/GoogleMapsCompatible_Level12/12/2033/3229.jpg,2026-09-06,NASA GIBS / HLS Sentinel-2,HLS_S30_Nadir_BRDF_Adjusted_Reflectance,12,3229,2033,90.7,2026-09-08T19:00:48+00:00
SG-MS-010,/cache/thumbs/SG-MS-010-0a3b72c49e.jpg,https://gibs.earthdata.nasa.gov/wmts/epsg3857/best/HLS_S30_Nadir_BRDF_Adjusted_Reflectance/default/2026-09-06/GoogleMapsCompatible_Level12/12/2033/3229.jpg,2026-09-06,NASA GIBS / HLS Sentinel-2,HLS_S30_Nadir_BRDF_Adjusted_Reflectance,12,3229,2033,90.7,2026-09-08T19:00:48+00:00
SG-EC-001,/cache/thumbs/SG-EC-001-902f05b5bf.jpg,https://gibs.earthdata.nasa.gov/wmts/epsg3857/best/HLS_S30_Nadir_BRDF_Adjusted_Reflectance/default/2026-09-06/GoogleMapsCompatible_Level12/12/2033/3230.jpg,2026-09-06,NASA GIBS / HLS Sentinel-2,HLS_S30_Nadir_BRDF_Adjusted_Reflectance,12,3230,2033,84.8,2026-09-08T19:00:48+00:00
SG-EC-002,/cache/thumbs/SG-EC-002-902f05b5bf.jpg,https://gibs.earthdata.nasa.gov/wmts/epsg3857/best/HLS_S30_Nadir_BRDF_Adjusted_Reflectance/default/2026-09-06/GoogleMapsCompatible_Level12/12/2033/3230.jpg,2026-09-06,NASA GIBS / HLS Sentinel-2,HLS_S30_Nadir_BRDF_Adjusted_Reflectance,12,3230,2033,84.8,2026-09-08T19:00:48+00:00
SG-EC-003,/cache/thumbs/SG-EC-003-902f05b5bf.jpg,https://gibs.earthdata.nasa.gov/wmts/epsg3857/best/HLS_S30_Nadir_BRDF_Adjusted_Reflectance/default/2026-09-06/GoogleMapsCompatible_Level12/12/2033/3230.jpg,2026-09-06,NASA GIBS / HLS Sentinel-2,HLS_S30_Nadir_BRDF_Adjusted_Reflectance,12,3230,2033,84.8,2026-09-08T19:00:48+00:00
SG-EC-004,/cache/thumbs/SG-EC-004-902f05b5bf.jpg,https://gibs.earthdata.nasa.gov/wmts/epsg3857/best/HLS_S30_Nadir_BRDF_Adjusted_Reflectance/default/2026-09-06/GoogleMapsCompatible_Level12/12/2033/3230.jpg,2026-09-06,NASA GIBS / HLS Sentinel-2,HLS_S30_Nadir_BRDF_Adjusted_Reflectance,12,3230,2033,84.8,2026-09-08T19:00:48+00:00
SG-EC-005,/cache/thumbs/SG-EC-005-902f05b5bf.jpg,https://gibs.earthdata.nasa.gov/wmts/epsg3857/best/HLS_S30_Nadir_BRDF_Adjusted_Reflectance/default/2026-09-06/GoogleMapsCompatible_Level12/12/2033/3230.jpg,2026-09-06,NASA GIBS / HLS Sentinel-2,HLS_S30_Nadir_BRDF_Adjusted_Reflectance,12,3230,2033,84.8,2026-09-08T19:00:48+00:00
SG-EC-006,/cache/thumbs/SG-EC-006-902f05b5bf.jpg,https://gibs.earthdata.nasa.gov/wmts/epsg3857/best/HLS_S30_Nadir_BRDF_Adjusted_Reflectance/default/2026-09-06/GoogleMapsCompatible_Level12/12/2033/3230.jpg,2026-09-06,NASA GIBS / HLS Sentinel-2,HLS_S30_Nadir_BRDF_Adjusted_Reflectance,12,3230,2033,84.8,2026-09-08T19:00:48+00:00
SG-EC-007,/cache/thumbs/SG-EC-007-902f05b5bf.jpg,https://gibs.earthdata.nasa.gov/wmts/epsg3857/best/HLS_S30_Nadir_BRDF_Adjusted_Reflectance/default/2026-09-06/GoogleMapsCompatible_Level12/12/2033/3230.jpg,2026-09-06,NASA GIBS / HLS Sentinel-2,HLS_S30_Nadir_BRDF_Adjusted_Reflectance,12,3230,2033,84.8,2026-09-08T19:00:48+00:00
SG-EC-008,/cache/thumbs/SG-EC-008-902f05b5bf.jpg,https://gibs.earthdata.nasa.gov/wmts/epsg3857/best/HLS_S30_Nadir_BRDF_Adjusted_Reflectance/default/2026-09-06/GoogleMapsCompatible_Level12/12/2033/3230.jpg,2026-09-06,NASA GIBS / HLS Sentinel-2,HLS_S30_Nadir_BRDF_Adjusted_Reflectance,12,3230,2033,84.8,2026-09-08T19:00:48+00:00
SG-EC-009,/cache/thumbs/SG-EC-009-902f05b5bf.jpg,https://gibs.earthdata.nasa.gov/wmts/epsg3857/best/HLS_S30_Nadir_BRDF_Adjusted_Reflectance/default/2026-09-06/GoogleMapsCompatible_Level12/12/2033/3230.jpg,2026-09-06,NASA GIBS / HLS Sentinel-2,HLS_S30_Nadir_BRDF_Adjusted_Reflectance,12,3230,2033,84.8,2026-09-08T19:00:48+00:00
SG-EC-010,/cache/thumbs/SG-EC-010-902f05b5bf.jpg,https://gibs.earthdata.nasa.gov/wmts/epsg3857/best/HLS_S30_Nadir_BRDF_Adjusted_Reflectance/default/2026-09-06/GoogleMapsCompatible_Level12/12/2033/3230.jpg,2026-09-06,NASA GIBS / HLS Sentinel-2,HLS_S30_Nadir_BRDF_Adjusted_Reflectance,12,3230,2033,84.8,2026-09-08T19:00:48+00:00
SG-EC-011,/cache/thumbs/SG-EC-011-902f05b5bf.jpg,https://gibs.earthdata.nasa.gov/wmts/epsg3857/best/HLS_S30_Nadir_BRDF_Adjusted_Reflectance/default/2026-09-06/GoogleMapsCompatible_Level12/12/2033/3230.jpg,2026-09-06,NASA GIBS / HLS Sentinel-2,HLS_S30_Nadir_BRDF_Adjusted_Reflectance,12,3230,2033,84.8,2026-09-08T19:00:48+00:00
SG-EC-012,/cache/thumbs/SG-EC-012-902f05b5bf.jpg,https://gibs.earthdata.nasa.gov/wmts/epsg3857/best/HLS_S30_Nadir_BRDF_Adjusted_Reflectance/default/2026-09-06/GoogleMapsCompatible_Level12/12/2033/3230.jpg,2026-09-06,NASA GIBS / HLS Sentinel-2,HLS_S30_Nadir_BRDF_Adjusted_Reflectance,12,3230,2033,84.8,2026-09-08T19:00:48+00:00
SG-SC-001,/cache/thumbs/SG-SC-001-0a3b72c49e.jpg,https://gibs.earthdata.nasa.gov/wmts/epsg3857/best/HLS_S30_Nadir_BRDF_Adjusted_Reflectance/default/2026-09-06/GoogleMapsCompatible_Level12/12/2033/3229.jpg,2026-09-06,NASA GIBS / HLS Sentinel-2,HLS_S30_Nadir_BRDF_Adjusted_Reflectance,12,3229,2033,90.7,2026-09-08T19:00:48+00:00
SG-SC-002,/cache/thumbs/SG-SC-002-0a3b72c49e.jpg,https://gibs.earthdata.nasa.gov/wmts/epsg3857/best/HLS_S30_Nadir_BRDF_Adjusted_Reflectance/default/2026-09-06/GoogleMapsCompatible_Level12/12/2033/3229.jpg,2026-09-06,NASA GIBS / HLS Sentinel-2,HLS_S30_Nadir_BRDF_Adjusted_Reflectance,12,3229,2033,90.7,2026-09-08T19:00:48+00:00
SG-SC-003,/cache/thumbs/SG-SC-003-0a3b72c49e.jpg,https://gibs.earthdata.nasa.gov/wmts/epsg3857/best/HLS_S30_Nadir_BRDF_Adjusted_Reflectance/default/2026-09-06/GoogleMapsCompatible_Level12/12/2033/3229.jpg,2026-09-06,NASA GIBS / HLS Sentinel-2,HLS_S30_Nadir_BRDF_Adjusted_Reflectance,12,3229,2033,90.7,2026-09-08T19:00:48+00:00
SG-SC-004,/cache/thumbs/SG-SC-004-0a3b72c49e.jpg,https://gibs.earthdata.nasa.gov/wmts/epsg3857/best/HLS_S30_Nadir_BRDF_Adjusted_Reflectance/default/2026-09-06/GoogleMapsCompatible_Level12/12/2033/3229.jpg,2026-09-06,NASA GIBS / HLS Sentinel-2,HLS_S30_Nadir_BRDF_Adjusted_Reflectance,12,3229,2033,90.7,2026-09-08T19:00:48+00:00
SG-SC-005,/cache/thumbs/SG-SC-005-0a3b72c49e.jpg,https://gibs.earthdata.nasa.gov/wmts/epsg3857/best/HLS_S30_Nadir_BRDF_Adjusted_Reflectance/default/2026-09-06/GoogleMapsCompatible_Level12/12/2033/3229.jpg,2026-09-06,NASA GIBS / HLS Sentinel-2,HLS_S30_Nadir_BRDF_Adjusted_Reflectance,12,3229,2033,90.7,2026-09-08T19:00:48+00:00
SG-SC-006,/cache/thumbs/SG-SC-006-0a3b72c49e.jpg,https://gibs.earthdata.nasa.gov/wmts/epsg3857/best/HLS_S30_Nadir_BRDF_Adjusted_Reflectance/default/2026-09-06/GoogleMapsCompatible_Level12/12/2033/3229.jpg,2026-09-06,NASA GIBS / HLS Sentinel-2,HLS_S30_Nadir_BRDF_Adjusted_Reflectance,12,3229,2033,90.7,2026-09-08T19:00:48+00:00
SG-SC-007,/cache/thumbs/SG-SC-007-0a3b72c49e.jpg,https://gibs.earthdata.nasa.gov/wmts/epsg3857/best/HLS_S30_Nadir_BRDF_Adjusted_Reflectance/default/2026-09-06/GoogleMapsCompatible_Level12/12/2033/3229.jpg,2026-09-06,NASA GIBS / HLS Sentinel-2,HLS_S30_Nadir_BRDF_Adjusted_Reflectance,12,3229,2033,90.7,2026-09-08T19:00:48+00:00
SG-SC-008,/cache/thumbs/SG-SC-008-0a3b72c49e.jpg,https://gibs.earthdata.nasa.gov/wmts/epsg3857/best/HLS_S30_Nadir_BRDF_Adjusted_Reflectance/default/2026-09-06/GoogleMapsCompatible_Level12/12/2033/3229.jpg,2026-09-06,NASA GIBS / HLS Sentinel-2,HLS_S30_Nadir_BRDF_Adjusted_Reflectance,12,3229,2033,90.7,2026-09-08T19:00:48+00:00
SG-JI-001,/cache/thumbs/SG-JI-001-08db915bba.jpg,https://gibs.earthdata.nasa.gov/wmts/epsg3857/best/HLS_S30_Nadir_BRDF_Adjusted_Reflectance/default/2026-09-06/GoogleMapsCompatible_Level12/12/2033/3227.jpg,2026-09-06,NASA GIBS / HLS Sentinel-2,HLS_S30_Nadir_BRDF_Adjusted_Reflectance,12,3227,2033,116.4,2026-09-08T19:00:48+00:00
SG-JI-002,/cache/thumbs/SG-JI-002-08db915bba.jpg,https://gibs.earthdata.nasa.gov/wmts/epsg3857/best/HLS_S30_Nadir_BRDF_Adjusted_Reflectance/default/2026-09-06/GoogleMapsCompatible_Level12/12/2033/3227.jpg,2026-09-06,NASA GIBS / HLS Sentinel-2,HLS_S30_Nadir_BRDF_Adjusted_Reflectance,12,3227,2033,116.4,2026-09-08T19:00:48+00:00
SG-JI-003,/cache/thumbs/SG-JI-003-08db915bba.jpg,https://gibs.earthdata.nasa.gov/wmts/epsg3857/best/HLS_S30_Nadir_BRDF_Adjusted_Reflectance/default/2026-09-06/GoogleMapsCompatible_Level12/12/2033/3227.jpg,2026-09-06,NASA GIBS / HLS Sentinel-2,HLS_S30_Nadir_BRDF_Adjusted_Reflectance,12,3227,2033,116.4,2026-09-08T19:00:48+00:00
SG-JI-004,/cache/thumbs/SG-JI-004-08db915bba.jpg,https://gibs.earthdata.nasa.gov/wmts/epsg3857/best/HLS_S30_Nadir_BRDF_Adjusted_Reflectance/default/2026-09-06/GoogleMapsCompatible_Level12/12/2033/3227.jpg,2026-09-06,NASA GIBS / HLS Sentinel-2,HLS_S30_Nadir_BRDF_Adjusted_Reflectance,12,3227,2033,116.4,2026-09-08T19:00:48+00:00
SG-JI-005,/cache/thumbs/SG-JI-005-08db915bba.jpg,https://gibs.earthdata.nasa.gov/wmts/epsg3857/best/HLS_S30_Nadir_BRDF_Adjusted_Reflectance/default/2026-09-06/GoogleMapsCompatible_Level12/12/2033/3227.jpg,2026-09-06,NASA GIBS / HLS Sentinel-2,HLS_S30_Nadir_BRDF_Adjusted_Reflectance,12,3227,2033,116.4,2026-09-08T19:00:48+00:00
SG-JI-006,/cache/thumbs/SG-JI-006-08db915bba.jpg,https://gibs.earthdata.nasa.gov/wmts/epsg3857/best/HLS_S30_Nadir_BRDF_Adjusted_Reflectance/default/2026-09-06/GoogleMapsCompatible_Level12/12/2033/3227.jpg,2026-09-06,NASA GIBS / HLS Sentinel-2,HLS_S30_Nadir_BRDF_Adjusted_Reflectance,12,3227,2033,116.4,2026-09-08T19:00:48+00:00
SG-KB-001,/cache/thumbs/SG-KB-001-0a3b72c49e.jpg,https://gibs.earthdata.nasa.gov/wmts/epsg3857/best/HLS_S30_Nadir_BRDF_Adjusted_Reflectance/default/2026-09-06/GoogleMapsCompatible_Level12/12/2033/3229.jpg,2026-09-06,NASA GIBS / HLS Sentinel-2,HLS_S30_Nadir_BRDF_Adjusted_Reflectance,12,3229,2033,90.7,2026-09-08T19:00:48+00:00
SG-KB-002,/cache/thumbs/SG-KB-002-0a3b72c49e.jpg,https://gibs.earthdata.nasa.gov/wmts/epsg3857/best/HLS_S30_Nadir_BRDF_Adjusted_Reflectance/default/2026-09-06/GoogleMapsCompatible_Level12/12/2033/3229.jpg,2026-09-06,NASA GIBS / HLS Sentinel-2,HLS_S30_Nadir_BRDF_Adjusted_Reflectance,12,3229,2033,90.7,2026-09-08T19:00:48+00:00
SG-KB-003,/cache/thumbs/SG-KB-003-0a3b72c49e.jpg,https://gibs.earthdata.nasa.gov/wmts/epsg3857/best/HLS_S30_Nadir_BRDF_Adjusted_Reflectance/default/2026-09-06/GoogleMapsCompatible_Level12/12/2033/3229.jpg,2026-09-06,NASA GIBS / HLS Sentinel-2,HLS_S30_Nadir_BRDF_Adjusted_Reflectance,12,3229,2033,90.7,2026-09-08T19:00:48+00:00
SG-KB-004,/cache/thumbs/SG-KB-004-0a3b72c49e.jpg,https://gibs.earthdata.nasa.gov/wmts/epsg3857/best/HLS_S30_Nadir_BRDF_Adjusted_Reflectance/default/2026-09-06/GoogleMapsCompatible_Level12/12/2033/3229.jpg,2026-09-06,NASA GIBS / HLS Sentinel-2,HLS_S30_Nadir_BRDF_Adjusted_Reflectance,12,3229,2033,90.7,2026-09-08T19:00:48+00:00
SG-KB-005,/cache/thumbs/SG-KB-005-0a3b72c49e.jpg,https://gibs.earthdata.nasa.gov/wmts/epsg3857/best/HLS_S30_Nadir_BRDF_Adjusted_Reflectance/default/2026-09-06/GoogleMapsCompatible_Level12/12/2033/3229.jpg,2026-09-06,NASA GIBS / HLS Sentinel-2,HLS_S30_Nadir_BRDF_Adjusted_Reflectance,12,3229,2033,90.7,2026-09-08T19:00:48+00:00
SG-KB-006,/cache/thumbs/SG-KB-006-0a3b72c49e.jpg,https://gibs.earthdata.nasa.gov/wmts/epsg3857/best/HLS_S30_Nadir_BRDF_Adjusted_Reflectance/default/2026-09-06/GoogleMapsCompatible_Level12/12/2033/3229.jpg,2026-09-06,NASA GIBS / HLS Sentinel-2,HLS_S30_Nadir_BRDF_Adjusted_Reflectance,12,3229,2033,90.7,2026-09-08T19:00:48+00:00
SG-KB-007,/cache/thumbs/SG-KB-007-0a3b72c49e.jpg,https://gibs.earthdata.nasa.gov/wmts/epsg3857/best/HLS_S30_Nadir_BRDF_Adjusted_Reflectance/default/2026-09-06/GoogleMapsCompatible_Level12/12/2033/3229.jpg,2026-09-06,NASA GIBS / HLS Sentinel-2,HLS_S30_Nadir_BRDF_Adjusted_Reflectance,12,3229,2033,90.7,2026-09-08T19:00:48+00:00
SG-KB-008,/cache/thumbs/SG-KB-008-0a3b72c49e.jpg,https://gibs.earthdata.nasa.gov/wmts/epsg3857/best/HLS_S30_Nadir_BRDF_Adjusted_Reflectance/default/2026-09-06/GoogleMapsCompatible_Level12/12/2033/3229.jpg,2026-09-06,NASA GIBS / HLS Sentinel-2,HLS_S30_Nadir_BRDF_Adjusted_Reflectance,12,3229,2033,90.7,2026-09-08T19:00:48+00:00
SG-WL-001,/cache/thumbs/SG-WL-001-2ae50d2fb8.jpg,https://gibs.earthdata.nasa.gov/wmts/epsg3857/best/HLS_S30_Nadir_BRDF_Adjusted_Reflectance/default/2026-09-06/GoogleMapsCompatible_Level12/12/2031/3228.jpg,2026-09-06,NASA GIBS / HLS Sentinel-2,HLS_S30_Nadir_BRDF_Adjusted_Reflectance,12,3228,2031,134.3,2026-09-08T19:00:48+00:00
SG-WL-002,/cache/thumbs/SG-WL-002-2ae50d2fb8.jpg,https://gibs.earthdata.nasa.gov/wmts/epsg3857/best/HLS_S30_Nadir_BRDF_Adjusted_Reflectance/default/2026-09-06/GoogleMapsCompatible_Level12/12/2031/3228.jpg,2026-09-06,NASA GIBS / HLS Sentinel-2,HLS_S30_Nadir_BRDF_Adjusted_Reflectance,12,3228,2031,134.3,2026-09-08T19:00:48+00:00
SG-WL-003,/cache/thumbs/SG-WL-003-2ae50d2fb8.jpg,https://gibs.earthdata.nasa.gov/wmts/epsg3857/best/HLS_S30_Nadir_BRDF_Adjusted_Reflectance/default/2026-09-06/GoogleMapsCompatible_Level12/12/2031/3228.jpg,2026-09-06,NASA GIBS / HLS Sentinel-2,HLS_S30_Nadir_BRDF_Adjusted_Reflectance,12,3228,2031,134.3,2026-09-08T19:00:48+00:00
SG-WL-004,/cache/thumbs/SG-WL-004-2ae50d2fb8.jpg,https://gibs.earthdata.nasa.gov/wmts/epsg3857/best/HLS_S30_Nadir_BRDF_Adjusted_Reflectance/default/2026-09-06/GoogleMapsCompatible_Level12/12/2031/3228.jpg,2026-09-06,NASA GIBS / HLS Sentinel-2,HLS_S30_Nadir_BRDF_Adjusted_Reflectance,12,3228,2031,134.3,2026-09-08T19:00:48+00:00
SG-WL-005,/cache/thumbs/SG-WL-005-2ae50d2fb8.jpg,https://gibs.earthdata.nasa.gov/wmts/epsg3857/best/HLS_S30_Nadir_BRDF_Adjusted_Reflectance/default/2026-09-06/GoogleMapsCompatible_Level12/12/2031/3228.jpg,2026-09-06,NASA GIBS / HLS Sentinel-2,HLS_S30_Nadir_BRDF_Adjusted_Reflectance,12,3228,2031,134.3,2026-09-08T19:00:48+00:00
SG-WL-006,/cache/thumbs/SG-WL-006-2ae50d2fb8.jpg,https://gibs.earthdata.nasa.gov/wmts/epsg3857/best/HLS_S30_Nadir_BRDF_Adjusted_Reflectance/default/2026-09-06/GoogleMapsCompatible_Level12/12/2031/3228.jpg,2026-09-06,NASA GIBS / HLS Sentinel-2,HLS_S30_Nadir_BRDF_Adjusted_Reflectance,12,3228,2031,134.3,2026-09-08T19:00:48+00:00
SG-BT-001,/cache/thumbs/SG-BT-001-c3d191971d.jpg,https://gibs.earthdata.nasa.gov/wmts/epsg3857/best/HLS_S30_Nadir_BRDF_Adjusted_Reflectance/default/2026-09-06/GoogleMapsCompatible_Level12/12/2032/3228.jpg,2026-09-06,NASA GIBS / HLS Sentinel-2,HLS_S30_Nadir_BRDF_Adjusted_Reflectance,12,3228,2032,117.0,2026-09-08T19:00:48+00:00
SG-BT-002,/cache/thumbs/SG-BT-002-c3d191971d.jpg,https://gibs.earthdata.nasa.gov/wmts/epsg3857/best/HLS_S30_Nadir_BRDF_Adjusted_Reflectance/default/2026-09-06/GoogleMapsCompatible_Level12/12/2032/3228.jpg,2026-09-06,NASA GIBS / HLS Sentinel-2,HLS_S30_Nadir_BRDF_Adjusted_Reflectance,12,3228,2032,117.0,2026-09-08T19:00:48+00:00
SG-BT-003,/cache/thumbs/SG-BT-003-c3d191971d.jpg,https://gibs.earthdata.nasa.gov/wmts/epsg3857/best/HLS_S30_Nadir_BRDF_Adjusted_Reflectance/default/2026-09-06/GoogleMapsCompatible_Level12/12/2032/3228.jpg,2026-09-06,NASA GIBS / HLS Sentinel-2,HLS_S30_Nadir_BRDF_Adjusted_Reflectance,12,3228,2032,117.0,2026-09-08T19:00:48+00:00
SG-BT-004,/cache/thumbs/SG-BT-004-c3d191971d.jpg,https://gibs.earthdata.nasa.gov/wmts/epsg3857/best/HLS_S30_Nadir_BRDF_Adjusted_Reflectance/default/2026-09-06/GoogleMapsCompatible_Level12/12/2032/3228.jpg,2026-09-06,NASA GIBS / HLS Sentinel-2,HLS_S30_Nadir_BRDF_Adjusted_Reflectance,12,3228,2032,117.0,2026-09-08T19:00:48+00:00
SG-BT-005,/cache/thumbs/SG-BT-005-c3d191971d.jpg,https://gibs.earthdata.nasa.gov/wmts/epsg3857/best/HLS_S30_Nadir_BRDF_Adjusted_Reflectance/default/2026-09-06/GoogleMapsCompatible_Level12/12/2032/3228.jpg,2026-09-06,NASA GIBS / HLS Sentinel-2,HLS_S30_Nadir_BRDF_Adjusted_Reflectance,12,3228,2032,117.0,2026-09-08T19:00:48+00:00
SG-BT-006,/cache/thumbs/SG-BT-006-c3d191971d.jpg,https://gibs.earthdata.nasa.gov/wmts/epsg3857/best/HLS_S30_Nadir_BRDF_Adjusted_Reflectance/default/2026-09-06/GoogleMapsCompatible_Level12/12/2032/3228.jpg,2026-09-06,NASA GIBS / HLS Sentinel-2,HLS_S30_Nadir_BRDF_Adjusted_Reflectance,12,3228,2032,117.0,2026-09-08T19:00:48+00:00
SG-BT-007,/cache/thumbs/SG-BT-007-c3d191971d.jpg,https://gibs.earthdata.nasa.gov/wmts/epsg3857/best/HLS_S30_Nadir_BRDF_Adjusted_Reflectance/default/2026-09-06/GoogleMapsCompatible_Level12/12/2032/3228.jpg,2026-09-06,NASA GIBS / HLS Sentinel-2,HLS_S30_Nadir_BRDF_Adjusted_Reflectance,12,3228,2032,117.0,2026-09-08T19:00:48+00:00
SG-BT-008,/cache/thumbs/SG-BT-008-c3d191971d.jpg,https://gibs.earthdata.nasa.gov/wmts/epsg3857/best/HLS_S30_Nadir_BRDF_Adjusted_Reflectance/default/2026-09-06/GoogleMapsCompatible_Level12/12/2032/3228.jpg,2026-09-06,NASA GIBS / HLS Sentinel-2,HLS_S30_Nadir_BRDF_Adjusted_Reflectance,12,3228,2032,117.0,2026-09-08T19:00:48+00:00
SG-BT-009,/cache/thumbs/SG-BT-009-c3d191971d.jpg,https://gibs.earthdata.nasa.gov/wmts/epsg3857/best/HLS_S30_Nadir_BRDF_Adjusted_Reflectance/default/2026-09-06/GoogleMapsCompatible_Level12/12/2032/3228.jpg,2026-09-06,NASA GIBS / HLS Sentinel-2,HLS_S30_Nadir_BRDF_Adjusted_Reflectance,12,3228,2032,117.0,2026-09-08T19:00:48+00:00
SG-BT-010,/cache/thumbs/SG-BT-010-c3d191971d.jpg,https://gibs.earthdata.nasa.gov/wmts/epsg3857/best/HLS_S30_Nadir_BRDF_Adjusted_Reflectance/default/2026-09-06/GoogleMapsCompatible_Level12/12/2032/3228.jpg,2026-09-06,NASA GIBS / HLS Sentinel-2,HLS_S30_Nadir_BRDF_Adjusted_Reflectance,12,3228,2032,117.0,2026-09-08T19:00:48+00:00
MY-SA-001,/cache/thumbs/MY-SA-001-a0c247b3b0.jpg,https://gibs.earthdata.nasa.gov/wmts/epsg3857/best/HLS_S30_Nadir_BRDF_Adjusted_Reflectance/default/2026-09-04/GoogleMapsCompatible_Level12/12/2013/3203.jpg,2026-09-04,NASA GIBS / HLS Sentinel-2,HLS_S30_Nadir_BRDF_Adjusted_Reflectance,12,3203,2013,156.4,2026-09-08T19:00:48+00:00
MY-SA-002,/cache/thumbs/MY-SA-002-216ce22e03.jpg,https://gibs.earthdata.nasa.gov/wmts/epsg3857/best/HLS_S30_Nadir_BRDF_Adjusted_Reflectance/default/2026-09-04/GoogleMapsCompatible_Level12/12/2012/3203.jpg,2026-09-04,NASA GIBS / HLS Sentinel-2,HLS_S30_Nadir_BRDF_Adjusted_Reflectance,12,3203,2012,142.3,2026-09-08T19:00:48+00:00
MY-SA-003,/cache/thumbs/MY-SA-003-a0c247b3b0.jpg,https://gibs.earthdata.nasa.gov/wmts/epsg3857/best/HLS_S30_Nadir_BRDF_Adjusted_Reflectance/default/2026-09-04/GoogleMapsCompatible_Level12/12/2013/3203.jpg,2026-09-04,NASA GIBS / HLS Sentinel-2,HLS_S30_Nadir_BRDF_Adjusted_Reflectance,12,3203,2013,156.4,2026-09-08T19:00:48+00:00
MY-SA-004,/cache/thumbs/MY-SA-004-a0c247b3b0.jpg,https://gibs.earthdata.nasa.gov/wmts/epsg3857/best/HLS_S30_Nadir_BRDF_Adjusted_Reflectance/default/2026-09-04/GoogleMapsCompatible_Level12/12/2013/3203.jpg,2026-09-04,NASA GIBS / HLS Sentinel-2,HLS_S30_Nadir_BRDF_Adjusted_Reflectance,12,3203,2013,156.4,2026-09-08T19:00:48+00:00
MY-SA-005,/cache/thumbs/MY-SA-005-a0c247b3b0.jpg,https://gibs.earthdata.nasa.gov/wmts/epsg3857/best/HLS_S30_Nadir_BRDF_Adjusted_Reflectance/default/2026-09-04/GoogleMapsCompatible_Level12/12/2013/3203.jpg,2026-09-04,NASA GIBS / HLS Sentinel-2,HLS_S30_Nadir_BRDF_Adjusted_Reflectance,12,3203,2013,156.4,2026-09-08T19:00:48+00:00
MY-SA-006,/cache/thumbs/MY-SA-006-1b9bcebba8.jpg,https://gibs.earthdata.nasa.gov/wmts/epsg3857/best/HLS_S30_Nadir_BRDF_Adjusted_Reflectance/default/2026-09-04/GoogleMapsCompatible_Level12/12/2013/3202.jpg,2026-09-04,NASA GIBS / HLS Sentinel-2,HLS_S30_Nadir_BRDF_Adjusted_Reflectance,12,3202,2013,181.3,2026-09-08T19:00:48+00:00
MY-SA-007,/cache/thumbs/MY-SA-007-a0c247b3b0.jpg,https://gibs.earthdata.nasa.gov/wmts/epsg3857/best/HLS_S30_Nadir_BRDF_Adjusted_Reflectance/default/2026-09-04/GoogleMapsCompatible_Level12/12/2013/3203.jpg,2026-09-04,NASA GIBS / HLS Sentinel-2,HLS_S30_Nadir_BRDF_Adjusted_Reflectance,12,3203,2013,156.4,2026-09-08T19:00:48+00:00
MY-SA-008,/cache/thumbs/MY-SA-008-a0c247b3b0.jpg,https://gibs.earthdata.nasa.gov/wmts/epsg3857/best/HLS_S30_Nadir_BRDF_Adjusted_Reflectance/default/2026-09-04/GoogleMapsCompatible_Level12/12/2013/3203.jpg,2026-09-04,NASA GIBS / HLS Sentinel-2,HLS_S30_Nadir_BRDF_Adjusted_Reflectance,12,3203,2013,156.4,2026-09-08T19:00:48+00:00
MY-SA-009,/cache/thumbs/MY-SA-009-216ce22e03.jpg,https://gibs.earthdata.nasa.gov/wmts/epsg3857/best/HLS_S30_Nadir_BRDF_Adjusted_Reflectance/default/2026-09-04/GoogleMapsCompatible_Level12/12/2012/3203.jpg,2026-09-04,NASA GIBS / HLS Sentinel-2,HLS_S30_Nadir_BRDF_Adjusted_Reflectance,12,3203,2012,142.3,2026-09-08T19:00:48+00:00
MY-SA-010,/cache/thumbs/MY-SA-010-216ce22e03.jpg,https://gibs.earthdata.nasa.gov/wmts/epsg3857/best/HLS_S30_Nadir_BRDF_Adjusted_Reflectance/default/2026-09-04/GoogleMapsCompatible_Level12/12/2012/3203.jpg,2026-09-04,NASA GIBS / HLS Sentinel-2,HLS_S30_Nadir_BRDF_Adjusted_Reflectance,12,3203,2012,142.3,2026-09-08T19:00:48+00:00
MY-KL-001,/cache/thumbs/MY-KL-001-0b6911dd6b.jpg,https://gibs.earthdata.nasa.gov/wmts/epsg3857/best/HLS_S30_Nadir_BRDF_Adjusted_Reflectance/default/2026-09-04/GoogleMapsCompatible_Level12/12/2012/3205.jpg,2026-09-04,NASA GIBS / HLS Sentinel-2,HLS_S30_Nadir_BRDF_Adjusted_Reflectance,12,3205,2012,130.2,2026-09-08T19:00:48+00:00
MY-KL-002,/cache/thumbs/MY-KL-002-0b6911dd6b.jpg,https://gibs.earthdata.nasa.gov/wmts/epsg3857/best/HLS_S30_Nadir_BRDF_Adjusted_Reflectance/default/2026-09-04/GoogleMapsCompatible_Level12/12/2012/3205.jpg,2026-09-04,NASA GIBS / HLS Sentinel-2,HLS_S30_Nadir_BRDF_Adjusted_Reflectance,12,3205,2012,130.2,2026-09-08T19:00:48+00:00
MY-KL-003,/cache/thumbs/MY-KL-003-0b6911dd6b.jpg,https://gibs.earthdata.nasa.gov/wmts/epsg3857/best/HLS_S30_Nadir_BRDF_Adjusted_Reflectance/default/2026-09-04/GoogleMapsCompatible_Level12/12/2012/3205.jpg,2026-09-04,NASA GIBS / HLS Sentinel-2,HLS_S30_Nadir_BRDF_Adjusted_Reflectance,12,3205,2012,130.2,2026-09-08T19:00:48+00:00
MY-KL-004,/cache/thumbs/MY-KL-004-5446619547.jpg,https://gibs.earthdata.nasa.gov/wmts/epsg3857/best/HLS_S30_Nadir_BRDF_Adjusted_Reflectance/default/2026-09-04/GoogleMapsCompatible_Level12/12/2011/3205.jpg,2026-09-04,NASA GIBS / HLS Sentinel-2,HLS_S30_Nadir_BRDF_Adjusted_Reflectance,12,3205,2011,140.3,2026-09-08T19:00:48+00:00
MY-KL-005,/cache/thumbs/MY-KL-005-0b6911dd6b.jpg,https://gibs.earthdata.nasa.gov/wmts/epsg3857/best/HLS_S30_Nadir_BRDF_Adjusted_Reflectance/default/2026-09-04/GoogleMapsCompatible_Level12/12/2012/3205.jpg,2026-09-04,NASA GIBS / HLS Sentinel-2,HLS_S30_Nadir_BRDF_Adjusted_Reflectance,12,3205,2012,130.2,2026-09-08T19:00:48+00:00
MY-KL-006,/cache/thumbs/MY-KL-006-0b6911dd6b.jpg,https://gibs.earthdata.nasa.gov/wmts/epsg3857/best/HLS_S30_Nadir_BRDF_Adjusted_Reflectance/default/2026-09-04/GoogleMapsCompatible_Level12/12/2012/3205.jpg,2026-09-04,NASA GIBS / HLS Sentinel-2,HLS_S30_Nadir_BRDF_Adjusted_Reflectance,12,3205,2012,130.2,2026-09-08T19:00:48+00:00
MY-KL-007,/cache/thumbs/MY-KL-007-0b6911dd6b.jpg,https://gibs.earthdata.nasa.gov/wmts/epsg3857/best/HLS_S30_Nadir_BRDF_Adjusted_Reflectance/default/2026-09-04/GoogleMapsCompatible_Level12/12/2012/3205.jpg,2026-09-04,NASA GIBS / HLS Sentinel-2,HLS_S30_Nadir_BRDF_Adjusted_Reflectance,12,3205,2012,130.2,2026-09-08T19:00:48+00:00
MY-KL-008,/cache/thumbs/MY-KL-008-0b6911dd6b.jpg,https://gibs.earthdata.nasa.gov/wmts/epsg3857/best/HLS_S30_Nadir_BRDF_Adjusted_Reflectance/default/2026-09-04/GoogleMapsCompatible_Level12/12/2012/3205.jpg,2026-09-04,NASA GIBS / HLS Sentinel-2,HLS_S30_Nadir_BRDF_Adjusted_Reflectance,12,3205,2012,130.2,2026-09-08T19:00:48+00:00
MY-GT-001,/cache/thumbs/MY-GT-001-145def2dad.jpg,https://gibs.earthdata.nasa.gov/wmts/epsg3857/best/HLS_S30_Nadir_BRDF_Adjusted_Reflectance/default/2026-09-02/GoogleMapsCompatible_Level12/12/1986/3189.jpg,2026-09-02,NASA GIBS / HLS Sentinel-2,HLS_S30_Nadir_BRDF_Adjusted_Reflectance,12,3189,1986,177.7,2026-09-08T19:00:48+00:00
MY-GT-002,/cache/thumbs/MY-GT-002-145def2dad.jpg,https://gibs.earthdata.nasa.gov/wmts/epsg3857/best/HLS_S30_Nadir_BRDF_Adjusted_Reflectance/default/2026-09-02/GoogleMapsCompatible_Level12/12/1986/3189.jpg,2026-09-02,NASA GIBS / HLS Sentinel-2,HLS_S30_Nadir_BRDF_Adjusted_Reflectance,12,3189,1986,177.7,2026-09-08T19:00:48+00:00
MY-GT-003,/cache/thumbs/MY-GT-003-145def2dad.jpg,https://gibs.earthdata.nasa.gov/wmts/epsg3857/best/HLS_S30_Nadir_BRDF_Adjusted_Reflectance/default/2026-09-02/GoogleMapsCompatible_Level12/12/1986/3189.jpg,2026-09-02,NASA GIBS / HLS Sentinel-2,HLS_S30_Nadir_BRDF_Adjusted_Reflectance,12,3189,1986,177.7,2026-09-08T19:00:48+00:00
MY-GT-004,/cache/thumbs/MY-GT-004-145def2dad.jpg,https://gibs.earthdata.nasa.gov/wmts/epsg3857/best/HLS_S30_Nadir_BRDF_Adjusted_Reflectance/default/2026-09-02/GoogleMapsCompatible_Level12/12/1986/3189.jpg,2026-09-02,NASA GIBS / HLS Sentinel-2,HLS_S30_Nadir_BRDF_Adjusted_Reflectance,12,3189,1986,177.7,2026-09-08T19:00:48+00:00
MY-GT-005,/cache/thumbs/MY-GT-005-145def2dad.jpg,https://gibs.earthdata.nasa.gov/wmts/epsg3857/best/HLS_S30_Nadir_BRDF_Adjusted_Reflectance/default/2026-09-02/GoogleMapsCompatible_Level12/12/1986/3189.jpg,2026-09-02,NASA GIBS / HLS Sentinel-2,HLS_S30_Nadir_BRDF_Adjusted_Reflectance,12,3189,1986,177.7,2026-09-08T19:00:48+00:00
MY-GT-006,/cache/thumbs/MY-GT-006-145def2dad.jpg,https://gibs.earthdata.nasa.gov/wmts/epsg3857/best/HLS_S30_Nadir_BRDF_Adjusted_Reflectance/default/2026-09-02/GoogleMapsCompatible_Level12/12/1986/3189.jpg,2026-09-02,NASA GIBS / HLS Sentinel-2,HLS_S30_Nadir_BRDF_Adjusted_Reflectance,12,3189,1986,177.7,2026-09-08T19:00:48+00:00
MY-GT-007,/cache/thumbs/MY-GT-007-145def2dad.jpg,https://gibs.earthdata.nasa.gov/wmts/epsg3857/best/HLS_S30_Nadir_BRDF_Adjusted_Reflectance/default/2026-09-02/GoogleMapsCompatible_Level12/12/1986/3189.jpg,2026-09-02,NASA GIBS / HLS Sentinel-2,HLS_S30_Nadir_BRDF_Adjusted_Reflectance,12,3189,1986,177.7,2026-09-08T19:00:48+00:00
MY-DB-001,/cache/thumbs/MY-DB-001-31ffe579ce.jpg,https://gibs.earthdata.nasa.gov/wmts/epsg3857/best/HLS_S30_Nadir_BRDF_Adjusted_Reflectance/default/2026-09-06/GoogleMapsCompatible_Level12/12/2031/3227.jpg,2026-09-06,NASA GIBS / HLS Sentinel-2,HLS_S30_Nadir_BRDF_Adjusted_Reflectance,12,3227,2031,128.7,2026-09-08T19:00:48+00:00
MY-DB-002,/cache/thumbs/MY-DB-002-31ffe579ce.jpg,https://gibs.earthdata.nasa.gov/wmts/epsg3857/best/HLS_S30_Nadir_BRDF_Adjusted_Reflectance/default/2026-09-06/GoogleMapsCompatible_Level12/12/2031/3227.jpg,2026-09-06,NASA GIBS / HLS Sentinel-2,HLS_S30_Nadir_BRDF_Adjusted_Reflectance,12,3227,2031,128.7,2026-09-08T19:00:48+00:00
MY-DB-003,/cache/thumbs/MY-DB-003-31ffe579ce.jpg,https://gibs.earthdata.nasa.gov/wmts/epsg3857/best/HLS_S30_Nadir_BRDF_Adjusted_Reflectance/default/2026-09-06/GoogleMapsCompatible_Level12/12/2031/3227.jpg,2026-09-06,NASA GIBS / HLS Sentinel-2,HLS_S30_Nadir_BRDF_Adjusted_Reflectance,12,3227,2031,128.7,2026-09-08T19:00:48+00:00
MY-DB-004,/cache/thumbs/MY-DB-004-2ae50d2fb8.jpg,https://gibs.earthdata.nasa.gov/wmts/epsg3857/best/HLS_S30_Nadir_BRDF_Adjusted_Reflectance/default/2026-09-06/GoogleMapsCompatible_Level12/12/2031/3228.jpg,2026-09-06,NASA GIBS / HLS Sentinel-2,HLS_S30_Nadir_BRDF_Adjusted_Reflectance,12,3228,2031,134.3,2026-09-08T19:00:48+00:00
MY-DB-005,/cache/thumbs/MY-DB-005-31ffe579ce.jpg,https://gibs.earthdata.nasa.gov/wmts/epsg3857/best/HLS_S30_Nadir_BRDF_Adjusted_Reflectance/default/2026-09-06/GoogleMapsCompatible_Level12/12/2031/3227.jpg,2026-09-06,NASA GIBS / HLS Sentinel-2,HLS_S30_Nadir_BRDF_Adjusted_Reflectance,12,3227,2031,128.7,2026-09-08T19:00:48+00:00
MY-DB-006,/cache/thumbs/MY-DB-006-31ffe579ce.jpg,https://gibs.earthdata.nasa.gov/wmts/epsg3857/best/HLS_S30_Nadir_BRDF_Adjusted_Reflectance/default/2026-09-06/GoogleMapsCompatible_Level12/12/2031/3227.jpg,2026-09-06,NASA GIBS / HLS Sentinel-2,HLS_S30_Nadir_BRDF_Adjusted_Reflectance,12,3227,2031,128.7,2026-09-08T19:00:48+00:00
MY-DB-007,/cache/thumbs/MY-DB-007-31ffe579ce.jpg,https://gibs.earthdata.nasa.gov/wmts/epsg3857/best/HLS_S30_Nadir_BRDF_Adjusted_Reflectance/default/2026-09-06/GoogleMapsCompatible_Level12/12/2031/3227.jpg,2026-09-06,NASA GIBS / HLS Sentinel-2,HLS_S30_Nadir_BRDF_Adjusted_Reflectance,12,3227,2031,128.7,2026-09-08T19:00:48+00:00
MY-DB-008,/cache/thumbs/MY-DB-008-31ffe579ce.jpg,https://gibs.earthdata.nasa.gov/wmts/epsg3857/best/HLS_S30_Nadir_BRDF_Adjusted_Reflectance/default/2026-09-06/GoogleMapsCompatible_Level12/12/2031/3227.jpg,2026-09-06,NASA GIBS / HLS Sentinel-2,HLS_S30_Nadir_BRDF_Adjusted_Reflectance,12,3227,2031,128.7,2026-09-08T19:00:48+00:00
MY-KK-001,/cache/thumbs/MY-KK-001-addc23003f.jpg,https://gibs.earthdata.nasa.gov/wmts/epsg3857/best/HLS_S30_Nadir_BRDF_Adjusted_Reflectance/default/2026-09-06/GoogleMapsCompatible_Level12/12/1979/3368.jpg,2026-09-06,NASA GIBS / HLS Sentinel-2,HLS_S30_Nadir_BRDF_Adjusted_Reflectance,12,3368,1979,48.7,2026-09-08T19:00:48+00:00
MY-KK-002,/cache/thumbs/MY-KK-002-addc23003f.jpg,https://gibs.earthdata.nasa.gov/wmts/epsg3857/best/HLS_S30_Nadir_BRDF_Adjusted_Reflectance/default/2026-09-06/GoogleMapsCompatible_Level12/12/1979/3368.jpg,2026-09-06,NASA GIBS / HLS Sentinel-2,HLS_S30_Nadir_BRDF_Adjusted_Reflectance,12,3368,1979,48.7,2026-09-08T19:00:48+00:00
MY-KK-003,/cache/thumbs/MY-KK-003-e020a72aff.jpg,https://gibs.earthdata.nasa.gov/wmts/epsg3857/best/HLS_S30_Nadir_BRDF_Adjusted_Reflectance/default/2026-09-06/GoogleMapsCompatible_Level12/12/1980/3368.jpg,2026-09-06,NASA GIBS / HLS Sentinel-2,HLS_S30_Nadir_BRDF_Adjusted_Reflectance,12,3368,1980,163.2,2026-09-08T19:00:48+00:00
MY-KK-004,/cache/thumbs/MY-KK-004-e020a72aff.jpg,https://gibs.earthdata.nasa.gov/wmts/epsg3857/best/HLS_S30_Nadir_BRDF_Adjusted_Reflectance/default/2026-09-06/GoogleMapsCompatible_Level12/12/1980/3368.jpg,2026-09-06,NASA GIBS / HLS Sentinel-2,HLS_S30_Nadir_BRDF_Adjusted_Reflectance,12,3368,1980,163.2,2026-09-08T19:00:48+00:00
MY-KK-005,/cache/thumbs/MY-KK-005-addc23003f.jpg,https://gibs.earthdata.nasa.gov/wmts/epsg3857/best/HLS_S30_Nadir_BRDF_Adjusted_Reflectance/default/2026-09-06/GoogleMapsCompatible_Level12/12/1979/3368.jpg,2026-09-06,NASA GIBS / HLS Sentinel-2,HLS_S30_Nadir_BRDF_Adjusted_Reflectance,12,3368,1979,48.7,2026-09-08T19:00:48+00:00
MY-KK-006,/cache/thumbs/MY-KK-006-addc23003f.jpg,https://gibs.earthdata.nasa.gov/wmts/epsg3857/best/HLS_S30_Nadir_BRDF_Adjusted_Reflectance/default/2026-09-06/GoogleMapsCompatible_Level12/12/1979/3368.jpg,2026-09-06,NASA GIBS / HLS Sentinel-2,HLS_S30_Nadir_BRDF_Adjusted_Reflectance,12,3368,1979,48.7,2026-09-08T19:00:48+00:00
MY-KK-007,/cache/thumbs/MY-KK-007-addc23003f.jpg,https://gibs.earthdata.nasa.gov/wmts/epsg3857/best/HLS_S30_Nadir_BRDF_Adjusted_Reflectance/default/2026-09-06/GoogleMapsCompatible_Level12/12/1979/3368.jpg,2026-09-06,NASA GIBS / HLS Sentinel-2,HLS_S30_Nadir_BRDF_Adjusted_Reflectance,12,3368,1979,48.7,2026-09-08T19:00:48+00:00
ID-PL-001,/cache/thumbs/ID-PL-001-a1ab6b6155.jpg,https://gibs.earthdata.nasa.gov/wmts/epsg3857/best/HLS_S30_Nadir_BRDF_Adjusted_Reflectance/default/2026-08-31/GoogleMapsCompatible_Level12/12/2117/3262.jpg,2026-08-31,NASA GIBS / HLS Sentinel-2,HLS_S30_Nadir_BRDF_Adjusted_Reflectance,12,3262,2117,111.8,2026-09-08T19:00:48+00:00
ID-PL-002,/cache/thumbs/ID-PL-002-a1ab6b6155.jpg,https://gibs.earthdata.nasa.gov/wmts/epsg3857/best/HLS_S30_Nadir_BRDF_Adjusted_Reflectance/default/2026-08-31/GoogleMapsCompatible_Level12/12/2117/3262.jpg,2026-08-31,NASA GIBS / HLS Sentinel-2,HLS_S30_Nadir_BRDF_Adjusted_Reflectance,12,3262,2117,111.8,2026-09-08T19:00:48+00:00
ID-PL-003,/cache/thumbs/ID-PL-003-d8bafcc769.jpg,https://gibs.earthdata.nasa.gov/wmts/epsg3857/best/HLS_S30_Nadir_BRDF_Adjusted_Reflectance/default/2026-08-31/GoogleMapsCompatible_Level12/12/2117/3263.jpg,2026-08-31,NASA GIBS / HLS Sentinel-2,HLS_S30_Nadir_BRDF_Adjusted_Reflectance,12,3263,2117,92.2,2026-09-08T19:00:48+00:00
ID-PL-004,/cache/thumbs/ID-PL-004-a1ab6b6155.jpg,https://gibs.earthdata.nasa.gov/wmts/epsg3857/best/HLS_S30_Nadir_BRDF_Adjusted_Reflectance/default/2026-08-31/GoogleMapsCompatible_Level12/12/2117/3262.jpg,2026-08-31,NASA GIBS / HLS Sentinel-2,HLS_S30_Nadir_BRDF_Adjusted_Reflectance,12,3262,2117,111.8,2026-09-08T19:00:48+00:00
ID-PL-005,/cache/thumbs/ID-PL-005-d8bafcc769.jpg,https://gibs.earthdata.nasa.gov/wmts/epsg3857/best/HLS_S30_Nadir_BRDF_Adjusted_Reflectance/default/2026-08-31/GoogleMapsCompatible_Level12/12/2117/3263.jpg,2026-08-31,NASA GIBS / HLS Sentinel-2,HLS_S30_Nadir_BRDF_Adjusted_Reflectance,12,3263,2117,92.2,2026-09-08T19:00:48+00:00
ID-PL-006,/cache/thumbs/ID-PL-006-d8bafcc769.jpg,https://gibs.earthdata.nasa.gov/wmts/epsg3857/best/HLS_S30_Nadir_BRDF_Adjusted_Reflectance/default/2026-08-31/GoogleMapsCompatible_Level12/12/2117/3263.jpg,2026-08-31,NASA GIBS / HLS Sentinel-2,HLS_S30_Nadir_BRDF_Adjusted_Reflectance,12,3263,2117,92.2,2026-09-08T19:00:48+00:00
ID-PL-007,/cache/thumbs/ID-PL-007-a1ab6b6155.jpg,https://gibs.earthdata.nasa.gov/wmts/epsg3857/best/HLS_S30_Nadir_BRDF_Adjusted_Reflectance/default/2026-08-31/GoogleMapsCompatible_Level12/12/2117/3262.jpg,2026-08-31,NASA GIBS / HLS Sentinel-2,HLS_S30_Nadir_BRDF_Adjusted_Reflectance,12,3262,2117,111.8,2026-09-08T19:00:48+00:00
ID-PL-008,/cache/thumbs/ID-PL-008-a1ab6b6155.jpg,https://gibs.earthdata.nasa.gov/wmts/epsg3857/best/HLS_S30_Nadir_BRDF_Adjusted_Reflectance/default/2026-08-31/GoogleMapsCompatible_Level12/12/2117/3262.jpg,2026-08-31,NASA GIBS / HLS Sentinel-2,HLS_S30_Nadir_BRDF_Adjusted_Reflectance,12,3262,2117,111.8,2026-09-08T19:00:48+00:00
ID-PL-009,/cache/thumbs/ID-PL-009-a1ab6b6155.jpg,https://gibs.earthdata.nasa.gov/wmts/epsg3857/best/HLS_S30_Nadir_BRDF_Adjusted_Reflectance/default/2026-08-31/GoogleMapsCompatible_Level12/12/2117/3262.jpg,2026-08-31,NASA GIBS / HLS Sentinel-2,HLS_S30_Nadir_BRDF_Adjusted_Reflectance,12,3262,2117,111.8,2026-09-08T19:00:48+00:00
ID-PL-010,/cache/thumbs/ID-PL-010-d8bafcc769.jpg,https://gibs.earthdata.nasa.gov/wmts/epsg3857/best/HLS_S30_Nadir_BRDF_Adjusted_Reflectance/default/2026-08-31/GoogleMapsCompatible_Level12/12/2117/3263.jpg,2026-08-31,NASA GIBS / HLS Sentinel-2,HLS_S30_Nadir_BRDF_Adjusted_Reflectance,12,3263,2117,92.2,2026-09-08T19:00:48+00:00
ID-PL-011,/cache/thumbs/ID-PL-011-a1ab6b6155.jpg,https://gibs.earthdata.nasa.gov/wmts/epsg3857/best/HLS_S30_Nadir_BRDF_Adjusted_Reflectance/default/2026-08-31/GoogleMapsCompatible_Level12/12/2117/3262.jpg,2026-08-31,NASA GIBS / HLS Sentinel-2,HLS_S30_Nadir_BRDF_Adjusted_Reflectance,12,3262,2117,111.8,2026-09-08T19:00:48+00:00
ID-PL-012,/cache/thumbs/ID-PL-012-a1ab6b6155.jpg,https://gibs.earthdata.nasa.gov/wmts/epsg3857/best/HLS_S30_Nadir_BRDF_Adjusted_Reflectance/default/2026-08-31/GoogleMapsCompatible_Level12/12/2117/3262.jpg,2026-08-31,NASA GIBS / HLS Sentinel-2,HLS_S30_Nadir_BRDF_Adjusted_Reflectance,12,3262,2117,111.8,2026-09-08T19:00:48+00:00
ID-CJ-001,/cache/thumbs/ID-CJ-001-d92b6969f6.jpg,https://gibs.earthdata.nasa.gov/wmts/epsg3857/best/HLS_S30_Nadir_BRDF_Adjusted_Reflectance/default/2026-08-31/GoogleMapsCompatible_Level12/12/2118/3263.jpg,2026-08-31,NASA GIBS / HLS Sentinel-2,HLS_S30_Nadir_BRDF_Adjusted_Reflectance,12,3263,2118,158.9,2026-09-08T19:00:48+00:00
ID-CJ-002,/cache/thumbs/ID-CJ-002-d92b6969f6.jpg,https://gibs.earthdata.nasa.gov/wmts/epsg3857/best/HLS_S30_Nadir_BRDF_Adjusted_Reflectance/default/2026-08-31/GoogleMapsCompatible_Level12/12/2118/3263.jpg,2026-08-31,NASA GIBS / HLS Sentinel-2,HLS_S30_Nadir_BRDF_Adjusted_Reflectance,12,3263,2118,158.9,2026-09-08T19:00:48+00:00
ID-CJ-003,/cache/thumbs/ID-CJ-003-d92b6969f6.jpg,https://gibs.earthdata.nasa.gov/wmts/epsg3857/best/HLS_S30_Nadir_BRDF_Adjusted_Reflectance/default/2026-08-31/GoogleMapsCompatible_Level12/12/2118/3263.jpg,2026-08-31,NASA GIBS / HLS Sentinel-2,HLS_S30_Nadir_BRDF_Adjusted_Reflectance,12,3263,2118,158.9,2026-09-08T19:00:48+00:00
ID-CJ-004,/cache/thumbs/ID-CJ-004-d92b6969f6.jpg,https://gibs.earthdata.nasa.gov/wmts/epsg3857/best/HLS_S30_Nadir_BRDF_Adjusted_Reflectance/default/2026-08-31/GoogleMapsCompatible_Level12/12/2118/3263.jpg,2026-08-31,NASA GIBS / HLS Sentinel-2,HLS_S30_Nadir_BRDF_Adjusted_Reflectance,12,3263,2118,158.9,2026-09-08T19:00:48+00:00
ID-CJ-005,/cache/thumbs/ID-CJ-005-d92b6969f6.jpg,https://gibs.earthdata.nasa.gov/wmts/epsg3857/best/HLS_S30_Nadir_BRDF_Adjusted_Reflectance/default/2026-08-31/GoogleMapsCompatible_Level12/12/2118/3263.jpg,2026-08-31,NASA GIBS / HLS Sentinel-2,HLS_S30_Nadir_BRDF_Adjusted_Reflectance,12,3263,2118,158.9,2026-09-08T19:00:48+00:00
ID-CJ-006,/cache/thumbs/ID-CJ-006-d92b6969f6.jpg,https://gibs.earthdata.nasa.gov/wmts/epsg3857/best/HLS_S30_Nadir_BRDF_Adjusted_Reflectance/default/2026-08-31/GoogleMapsCompatible_Level12/12/2118/3263.jpg,2026-08-31,NASA GIBS / HLS Sentinel-2,HLS_S30_Nadir_BRDF_Adjusted_Reflectance,12,3263,2118,158.9,2026-09-08T19:00:48+00:00
ID-BS-001,/cache/thumbs/ID-BS-001-f321e9e654.jpg,https://gibs.earthdata.nasa.gov/wmts/epsg3857/best/HLS_S30_Nadir_BRDF_Adjusted_Reflectance/default/2026-08-31/GoogleMapsCompatible_Level12/12/2119/3261.jpg,2026-08-31,NASA GIBS / HLS Sentinel-2,HLS_S30_Nadir_BRDF_Adjusted_Reflectance,12,3261,2119,128.3,2026-09-08T19:00:48+00:00
ID-BS-002,/cache/thumbs/ID-BS-002-f321e9e654.jpg,https://gibs.earthdata.nasa.gov/wmts/epsg3857/best/HLS_S30_Nadir_BRDF_Adjusted_Reflectance/default/2026-08-31/GoogleMapsCompatible_Level12/12/2119/3261.jpg,2026-08-31,NASA GIBS / HLS Sentinel-2,HLS_S30_Nadir_BRDF_Adjusted_Reflectance,12,3261,2119,128.3,2026-09-08T19:00:48+00:00
ID-BS-003,/cache/thumbs/ID-BS-003-f321e9e654.jpg,https://gibs.earthdata.nasa.gov/wmts/epsg3857/best/HLS_S30_Nadir_BRDF_Adjusted_Reflectance/default/2026-08-31/GoogleMapsCompatible_Level12/12/2119/3261.jpg,2026-08-31,NASA GIBS / HLS Sentinel-2,HLS_S30_Nadir_BRDF_Adjusted_Reflectance,12,3261,2119,128.3,2026-09-08T19:00:48+00:00
ID-BS-004,/cache/thumbs/ID-BS-004-f321e9e654.jpg,https://gibs.earthdata.nasa.gov/wmts/epsg3857/best/HLS_S30_Nadir_BRDF_Adjusted_Reflectance/default/2026-08-31/GoogleMapsCompatible_Level12/12/2119/3261.jpg,2026-08-31,NASA GIBS / HLS Sentinel-2,HLS_S30_Nadir_BRDF_Adjusted_Reflectance,12,3261,2119,128.3,2026-09-08T19:00:48+00:00
ID-BS-005,/cache/thumbs/ID-BS-005-f321e9e654.jpg,https://gibs.earthdata.nasa.gov/wmts/epsg3857/best/HLS_S30_Nadir_BRDF_Adjusted_Reflectance/default/2026-08-31/GoogleMapsCompatible_Level12/12/2119/3261.jpg,2026-08-31,NASA GIBS / HLS Sentinel-2,HLS_S30_Nadir_BRDF_Adjusted_Reflectance,12,3261,2119,128.3,2026-09-08T19:00:48+00:00
ID-BS-006,/cache/thumbs/ID-BS-006-f321e9e654.jpg,https://gibs.earthdata.nasa.gov/wmts/epsg3857/best/HLS_S30_Nadir_BRDF_Adjusted_Reflectance/default/2026-08-31/GoogleMapsCompatible_Level12/12/2119/3261.jpg,2026-08-31,NASA GIBS / HLS Sentinel-2,HLS_S30_Nadir_BRDF_Adjusted_Reflectance,12,3261,2119,128.3,2026-09-08T19:00:48+00:00
ID-BS-007,/cache/thumbs/ID-BS-007-f321e9e654.jpg,https://gibs.earthdata.nasa.gov/wmts/epsg3857/best/HLS_S30_Nadir_BRDF_Adjusted_Reflectance/default/2026-08-31/GoogleMapsCompatible_Level12/12/2119/3261.jpg,2026-08-31,NASA GIBS / HLS Sentinel-2,HLS_S30_Nadir_BRDF_Adjusted_Reflectance,12,3261,2119,128.3,2026-09-08T19:00:48+00:00
ID-BS-008,/cache/thumbs/ID-BS-008-f321e9e654.jpg,https://gibs.earthdata.nasa.gov/wmts/epsg3857/best/HLS_S30_Nadir_BRDF_Adjusted_Reflectance/default/2026-08-31/GoogleMapsCompatible_Level12/12/2119/3261.jpg,2026-08-31,NASA GIBS / HLS Sentinel-2,HLS_S30_Nadir_BRDF_Adjusted_Reflectance,12,3261,2119,128.3,2026-09-08T19:00:48+00:00
ID-SM-001,/cache/thumbs/ID-SM-001-d46736a66f.jpg,https://gibs.earthdata.nasa.gov/wmts/epsg3857/best/HLS_S30_Nadir_BRDF_Adjusted_Reflectance/default/2026-09-04/GoogleMapsCompatible_Level12/12/2127/3304.jpg,2026-09-04,NASA GIBS / HLS Sentinel-2,HLS_S30_Nadir_BRDF_Adjusted_Reflectance,12,3304,2127,124.1,2026-09-08T19:00:48+00:00
ID-SM-002,/cache/thumbs/ID-SM-002-d46736a66f.jpg,https://gibs.earthdata.nasa.gov/wmts/epsg3857/best/HLS_S30_Nadir_BRDF_Adjusted_Reflectance/default/2026-09-04/GoogleMapsCompatible_Level12/12/2127/3304.jpg,2026-09-04,NASA GIBS / HLS Sentinel-2,HLS_S30_Nadir_BRDF_Adjusted_Reflectance,12,3304,2127,124.1,2026-09-08T19:00:48+00:00
ID-SM-003,/cache/thumbs/ID-SM-003-d46736a66f.jpg,https://gibs.earthdata.nasa.gov/wmts/epsg3857/best/HLS_S30_Nadir_BRDF_Adjusted_Reflectance/default/2026-09-04/GoogleMapsCompatible_Level12/12/2127/3304.jpg,2026-09-04,NASA GIBS / HLS Sentinel-2,HLS_S30_Nadir_BRDF_Adjusted_Reflectance,12,3304,2127,124.1,2026-09-08T19:00:48+00:00
ID-SM-004,/cache/thumbs/ID-SM-004-d46736a66f.jpg,https://gibs.earthdata.nasa.gov/wmts/epsg3857/best/HLS_S30_Nadir_BRDF_Adjusted_Reflectance/default/2026-09-04/GoogleMapsCompatible_Level12/12/2127/3304.jpg,2026-09-04,NASA GIBS / HLS Sentinel-2,HLS_S30_Nadir_BRDF_Adjusted_Reflectance,12,3304,2127,124.1,2026-09-08T19:00:48+00:00
ID-SM-005,/cache/thumbs/ID-SM-005-d46736a66f.jpg,https://gibs.earthdata.nasa.gov/wmts/epsg3857/best/HLS_S30_Nadir_BRDF_Adjusted_Reflectance/default/2026-09-04/GoogleMapsCompatible_Level12/12/2127/3304.jpg,2026-09-04,NASA GIBS / HLS Sentinel-2,HLS_S30_Nadir_BRDF_Adjusted_Reflectance,12,3304,2127,124.1,2026-09-08T19:00:48+00:00
ID-SM-006,/cache/thumbs/ID-SM-006-d46736a66f.jpg,https://gibs.earthdata.nasa.gov/wmts/epsg3857/best/HLS_S30_Nadir_BRDF_Adjusted_Reflectance/default/2026-09-04/GoogleMapsCompatible_Level12/12/2127/3304.jpg,2026-09-04,NASA GIBS / HLS Sentinel-2,HLS_S30_Nadir_BRDF_Adjusted_Reflectance,12,3304,2127,124.1,2026-09-08T19:00:48+00:00
ID-SM-007,/cache/thumbs/ID-SM-007-d46736a66f.jpg,https://gibs.earthdata.nasa.gov/wmts/epsg3857/best/HLS_S30_Nadir_BRDF_Adjusted_Reflectance/default/2026-09-04/GoogleMapsCompatible_Level12/12/2127/3304.jpg,2026-09-04,NASA GIBS / HLS Sentinel-2,HLS_S30_Nadir_BRDF_Adjusted_Reflectance,12,3304,2127,124.1,2026-09-08T19:00:48+00:00
ID-SB-001,/cache/thumbs/ID-SB-001-cc08ae286a.jpg,https://gibs.earthdata.nasa.gov/wmts/epsg3857/best/HLS_S30_Nadir_BRDF_Adjusted_Reflectance/default/2026-09-06/GoogleMapsCompatible_Level12/12/2130/3330.jpg,2026-09-06,NASA GIBS / HLS Sentinel-2,HLS_S30_Nadir_BRDF_Adjusted_Reflectance,12,3330,2130,132.1,2026-09-08T19:00:48+00:00
ID-SB-002,/cache/thumbs/ID-SB-002-cc08ae286a.jpg,https://gibs.earthdata.nasa.gov/wmts/epsg3857/best/HLS_S30_Nadir_BRDF_Adjusted_Reflectance/default/2026-09-06/GoogleMapsCompatible_Level12/12/2130/3330.jpg,2026-09-06,NASA GIBS / HLS Sentinel-2,HLS_S30_Nadir_BRDF_Adjusted_Reflectance,12,3330,2130,132.1,2026-09-08T19:00:48+00:00
ID-SB-003,/cache/thumbs/ID-SB-003-cc08ae286a.jpg,https://gibs.earthdata.nasa.gov/wmts/epsg3857/best/HLS_S30_Nadir_BRDF_Adjusted_Reflectance/default/2026-09-06/GoogleMapsCompatible_Level12/12/2130/3330.jpg,2026-09-06,NASA GIBS / HLS Sentinel-2,HLS_S30_Nadir_BRDF_Adjusted_Reflectance,12,3330,2130,132.1,2026-09-08T19:00:48+00:00
ID-SB-004,/cache/thumbs/ID-SB-004-cc08ae286a.jpg,https://gibs.earthdata.nasa.gov/wmts/epsg3857/best/HLS_S30_Nadir_BRDF_Adjusted_Reflectance/default/2026-09-06/GoogleMapsCompatible_Level12/12/2130/3330.jpg,2026-09-06,NASA GIBS / HLS Sentinel-2,HLS_S30_Nadir_BRDF_Adjusted_Reflectance,12,3330,2130,132.1,2026-09-08T19:00:48+00:00
ID-SB-005,/cache/thumbs/ID-SB-005-cc08ae286a.jpg,https://gibs.earthdata.nasa.gov/wmts/epsg3857/best/HLS_S30_Nadir_BRDF_Adjusted_Reflectance/default/2026-09-06/GoogleMapsCompatible_Level12/12/2130/3330.jpg,2026-09-06,NASA GIBS / HLS Sentinel-2,HLS_S30_Nadir_BRDF_Adjusted_Reflectance,12,3330,2130,132.1,2026-09-08T19:00:48+00:00
ID-SB-006,/cache/thumbs/ID-SB-006-cc08ae286a.jpg,https://gibs.earthdata.nasa.gov/wmts/epsg3857/best/HLS_S30_Nadir_BRDF_Adjusted_Reflectance/default/2026-09-06/GoogleMapsCompatible_Level12/12/2130/3330.jpg,2026-09-06,NASA GIBS / HLS Sentinel-2,HLS_S30_Nadir_BRDF_Adjusted_Reflectance,12,3330,2130,132.1,2026-09-08T19:00:48+00:00
ID-SB-007,/cache/thumbs/ID-SB-007-cc08ae286a.jpg,https://gibs.earthdata.nasa.gov/wmts/epsg3857/best/HLS_S30_Nadir_BRDF_Adjusted_Reflectance/default/2026-09-06/GoogleMapsCompatible_Level12/12/2130/3330.jpg,2026-09-06,NASA GIBS / HLS Sentinel-2,HLS_S30_Nadir_BRDF_Adjusted_Reflectance,12,3330,2130,132.1,2026-09-08T19:00:48+00:00
CN-PD-001,/cache/thumbs/CN-PD-001-c03cdfc733.jpg,https://gibs.earthdata.nasa.gov/wmts/epsg3857/best/HLS_S30_Nadir_BRDF_Adjusted_Reflectance/default/2026-09-06/GoogleMapsCompatible_Level12/12/1673/3430.jpg,2026-09-06,NASA GIBS / HLS Sentinel-2,HLS_S30_Nadir_BRDF_Adjusted_Reflectance,12,3430,1673,146.9,2026-09-08T19:00:48+00:00
CN-PD-002,/cache/thumbs/CN-PD-002-c03cdfc733.jpg,https://gibs.earthdata.nasa.gov/wmts/epsg3857/best/HLS_S30_Nadir_BRDF_Adjusted_Reflectance/default/2026-09-06/GoogleMapsCompatible_Level12/12/1673/3430.jpg,2026-09-06,NASA GIBS / HLS Sentinel-2,HLS_S30_Nadir_BRDF_Adjusted_Reflectance,12,3430,1673,146.9,2026-09-08T19:00:48+00:00
CN-PD-003,/cache/thumbs/CN-PD-003-c03cdfc733.jpg,https://gibs.earthdata.nasa.gov/wmts/epsg3857/best/HLS_S30_Nadir_BRDF_Adjusted_Reflectance/default/2026-09-06/GoogleMapsCompatible_Level12/12/1673/3430.jpg,2026-09-06,NASA GIBS / HLS Sentinel-2,HLS_S30_Nadir_BRDF_Adjusted_Reflectance,12,3430,1673,146.9,2026-09-08T19:00:48+00:00
CN-PD-004,/cache/thumbs/CN-PD-004-c03cdfc733.jpg,https://gibs.earthdata.nasa.gov/wmts/epsg3857/best/HLS_S30_Nadir_BRDF_Adjusted_Reflectance/default/2026-09-06/GoogleMapsCompatible_Level12/12/1673/3430.jpg,2026-09-06,NASA GIBS / HLS Sentinel-2,HLS_S30_Nadir_BRDF_Adjusted_Reflectance,12,3430,1673,146.9,2026-09-08T19:00:48+00:00
CN-PD-005,/cache/thumbs/CN-PD-005-c03cdfc733.jpg,https://gibs.earthdata.nasa.gov/wmts/epsg3857/best/HLS_S30_Nadir_BRDF_Adjusted_Reflectance/default/2026-09-06/GoogleMapsCompatible_Level12/12/1673/3430.jpg,2026-09-06,NASA GIBS / HLS Sentinel-2,HLS_S30_Nadir_BRDF_Adjusted_Reflectance,12,3430,1673,146.9,2026-09-08T19:00:48+00:00
CN-PD-006,/cache/thumbs/CN-PD-006-c03cdfc733.jpg,https://gibs.earthdata.nasa.gov/wmts/epsg3857/best/HLS_S30_Nadir_BRDF_Adjusted_Reflectance/default/2026-09-06/GoogleMapsCompatible_Level12/12/1673/3430.jpg,2026-09-06,NASA GIBS / HLS Sentinel-2,HLS_S30_Nadir_BRDF_Adjusted_Reflectance,12,3430,1673,146.9,2026-09-08T19:00:48+00:00
CN-PD-007,/cache/thumbs/CN-PD-007-c03cdfc733.jpg,https://gibs.earthdata.nasa.gov/wmts/epsg3857/best/HLS_S30_Nadir_BRDF_Adjusted_Reflectance/default/2026-09-06/GoogleMapsCompatible_Level12/12/1673/3430.jpg,2026-09-06,NASA GIBS / HLS Sentinel-2,HLS_S30_Nadir_BRDF_Adjusted_Reflectance,12,3430,1673,146.9,2026-09-08T19:00:48+00:00
CN-PD-008,/cache/thumbs/CN-PD-008-c03cdfc733.jpg,https://gibs.earthdata.nasa.gov/wmts/epsg3857/best/HLS_S30_Nadir_BRDF_Adjusted_Reflectance/default/2026-09-06/GoogleMapsCompatible_Level12/12/1673/3430.jpg,2026-09-06,NASA GIBS / HLS Sentinel-2,HLS_S30_Nadir_BRDF_Adjusted_Reflectance,12,3430,1673,146.9,2026-09-08T19:00:48+00:00
CN-PD-009,/cache/thumbs/CN-PD-009-c03cdfc733.jpg,https://gibs.earthdata.nasa.gov/wmts/epsg3857/best/HLS_S30_Nadir_BRDF_Adjusted_Reflectance/default/2026-09-06/GoogleMapsCompatible_Level12/12/1673/3430.jpg,2026-09-06,NASA GIBS / HLS Sentinel-2,HLS_S30_Nadir_BRDF_Adjusted_Reflectance,12,3430,1673,146.9,2026-09-08T19:00:48+00:00
CN-PD-010,/cache/thumbs/CN-PD-010-c03cdfc733.jpg,https://gibs.earthdata.nasa.gov/wmts/epsg3857/best/HLS_S30_Nadir_BRDF_Adjusted_Reflectance/default/2026-09-06/GoogleMapsCompatible_Level12/12/1673/3430.jpg,2026-09-06,NASA GIBS / HLS Sentinel-2,HLS_S30_Nadir_BRDF_Adjusted_Reflectance,12,3430,1673,146.9,2026-09-08T19:00:48+00:00
CN-NS-001,/cache/thumbs/CN-NS-001-2895532ab6.jpg,https://gibs.earthdata.nasa.gov/wmts/epsg3857/best/HLS_S30_Nadir_BRDF_Adjusted_Reflectance/default/2026-08-31/GoogleMapsCompatible_Level12/12/1782/3340.jpg,2026-08-31,NASA GIBS / HLS Sentinel-2,HLS_S30_Nadir_BRDF_Adjusted_Reflectance,12,3340,1782,242.9,2026-09-08T19:00:48+00:00
CN-NS-002,/cache/thumbs/CN-NS-002-3c6f707b3f.jpg,https://gibs.earthdata.nasa.gov/wmts/epsg3857/best/HLS_L30_Nadir_BRDF_Adjusted_Reflectance/default/2026-08-29/GoogleMapsCompatible_Level12/12/1781/3339.jpg,2026-08-29,NASA GIBS / HLS Landsat,HLS_L30_Nadir_BRDF_Adjusted_Reflectance,12,3339,1781,142.1,2026-09-08T19:00:48+00:00
CN-NS-003,/cache/thumbs/CN-NS-003-3c6f707b3f.jpg,https://gibs.earthdata.nasa.gov/wmts/epsg3857/best/HLS_L30_Nadir_BRDF_Adjusted_Reflectance/default/2026-08-29/GoogleMapsCompatible_Level12/12/1781/3339.jpg,2026-08-29,NASA GIBS / HLS Landsat,HLS_L30_Nadir_BRDF_Adjusted_Reflectance,12,3339,1781,142.1,2026-09-08T19:00:48+00:00
CN-NS-004,/cache/thumbs/CN-NS-004-3c6f707b3f.jpg,https://gibs.earthdata.nasa.gov/wmts/epsg3857/best/HLS_L30_Nadir_BRDF_Adjusted_Reflectance/default/2026-08-29/GoogleMapsCompatible_Level12/12/1781/3339.jpg,2026-08-29,NASA GIBS / HLS Landsat,HLS_L30_Nadir_BRDF_Adjusted_Reflectance,12,3339,1781,142.1,2026-09-08T19:00:48+00:00
CN-NS-005,/cache/thumbs/CN-NS-005-3c6f707b3f.jpg,https://gibs.earthdata.nasa.gov/wmts/epsg3857/best/HLS_L30_Nadir_BRDF_Adjusted_Reflectance/default/2026-08-29/GoogleMapsCompatible_Level12/12/1781/3339.jpg,2026-08-29,NASA GIBS / HLS Landsat,HLS_L30_Nadir_BRDF_Adjusted_Reflectance,12,3339,1781,142.1,2026-09-08T19:00:48+00:00
CN-NS-006,/cache/thumbs/CN-NS-006-3c6f707b3f.jpg,https://gibs.earthdata.nasa.gov/wmts/epsg3857/best/HLS_L30_Nadir_BRDF_Adjusted_Reflectance/default/2026-08-29/GoogleMapsCompatible_Level12/12/1781/3339.jpg,2026-08-29,NASA GIBS / HLS Landsat,HLS_L30_Nadir_BRDF_Adjusted_Reflectance,12,3339,1781,142.1,2026-09-08T19:00:48+00:00
CN-NS-007,/cache/thumbs/CN-NS-007-209786b83d.jpg,https://gibs.earthdata.nasa.gov/wmts/epsg3857/best/HLS_L30_Nadir_BRDF_Adjusted_Reflectance/default/2026-08-29/GoogleMapsCompatible_Level12/12/1781/3340.jpg,2026-08-29,NASA GIBS / HLS Landsat,HLS_L30_Nadir_BRDF_Adjusted_Reflectance,12,3340,1781,147.0,2026-09-08T19:00:48+00:00
CN-NS-008,/cache/thumbs/CN-NS-008-3c6f707b3f.jpg,https://gibs.earthdata.nasa.gov/wmts/epsg3857/best/HLS_L30_Nadir_BRDF_Adjusted_Reflectance/default/2026-08-29/GoogleMapsCompatible_Level12/12/1781/3339.jpg,2026-08-29,NASA GIBS / HLS Landsat,HLS_L30_Nadir_BRDF_Adjusted_Reflectance,12,3339,1781,142.1,2026-09-08T19:00:48+00:00
CN-QH-001,/cache/thumbs/CN-QH-001-fe988affe6.jpg,https://gibs.earthdata.nasa.gov/wmts/epsg3857/best/HLS_L30_Nadir_BRDF_Adjusted_Reflectance/default/2026-08-29/GoogleMapsCompatible_Level12/12/1784/3343.jpg,2026-08-29,NASA GIBS / HLS Landsat,HLS_L30_Nadir_BRDF_Adjusted_Reflectance,12,3343,1784,137.9,2026-09-08T19:00:48+00:00
CN-QH-002,/cache/thumbs/CN-QH-002-fe988affe6.jpg,https://gibs.earthdata.nasa.gov/wmts/epsg3857/best/HLS_L30_Nadir_BRDF_Adjusted_Reflectance/default/2026-08-29/GoogleMapsCompatible_Level12/12/1784/3343.jpg,2026-08-29,NASA GIBS / HLS Landsat,HLS_L30_Nadir_BRDF_Adjusted_Reflectance,12,3343,1784,137.9,2026-09-08T19:00:48+00:00
CN-QH-003,/cache/thumbs/CN-QH-003-fe988affe6.jpg,https://gibs.earthdata.nasa.gov/wmts/epsg3857/best/HLS_L30_Nadir_BRDF_Adjusted_Reflectance/default/2026-08-29/GoogleMapsCompatible_Level12/12/1784/3343.jpg,2026-08-29,NASA GIBS / HLS Landsat,HLS_L30_Nadir_BRDF_Adjusted_Reflectance,12,3343,1784,137.9,2026-09-08T19:00:48+00:00
CN-QH-004,/cache/thumbs/CN-QH-004-fe988affe6.jpg,https://gibs.earthdata.nasa.gov/wmts/epsg3857/best/HLS_L30_Nadir_BRDF_Adjusted_Reflectance/default/2026-08-29/GoogleMapsCompatible_Level12/12/1784/3343.jpg,2026-08-29,NASA GIBS / HLS Landsat,HLS_L30_Nadir_BRDF_Adjusted_Reflectance,12,3343,1784,137.9,2026-09-08T19:00:48+00:00
CN-QH-005,/cache/thumbs/CN-QH-005-fe988affe6.jpg,https://gibs.earthdata.nasa.gov/wmts/epsg3857/best/HLS_L30_Nadir_BRDF_Adjusted_Reflectance/default/2026-08-29/GoogleMapsCompatible_Level12/12/1784/3343.jpg,2026-08-29,NASA GIBS / HLS Landsat,HLS_L30_Nadir_BRDF_Adjusted_Reflectance,12,3343,1784,137.9,2026-09-08T19:00:48+00:00
CN-QH-006,/cache/thumbs/CN-QH-006-fe988affe6.jpg,https://gibs.earthdata.nasa.gov/wmts/epsg3857/best/HLS_L30_Nadir_BRDF_Adjusted_Reflectance/default/2026-08-29/GoogleMapsCompatible_Level12/12/1784/3343.jpg,2026-08-29,NASA GIBS / HLS Landsat,HLS_L30_Nadir_BRDF_Adjusted_Reflectance,12,3343,1784,137.9,2026-09-08T19:00:48+00:00
CN-QH-007,/cache/thumbs/CN-QH-007-fe988affe6.jpg,https://gibs.earthdata.nasa.gov/wmts/epsg3857/best/HLS_L30_Nadir_BRDF_Adjusted_Reflectance/default/2026-08-29/GoogleMapsCompatible_Level12/12/1784/3343.jpg,2026-08-29,NASA GIBS / HLS Landsat,HLS_L30_Nadir_BRDF_Adjusted_Reflectance,12,3343,1784,137.9,2026-09-08T19:00:48+00:00
CN-XM-001,/cache/thumbs/CN-XM-001-6aa0ec9417.jpg,https://gibs.earthdata.nasa.gov/wmts/epsg3857/best/MODIS_Terra_CorrectedReflectance_TrueColor/default/2026-09-08/GoogleMapsCompatible_Level9/8/110/211.jpg,2026-09-08,NASA GIBS / MODIS Terra,MODIS_Terra_CorrectedReflectance_TrueColor,8,211,110,204.7,2026-09-08T19:00:48+00:00
CN-XM-002,/cache/thumbs/CN-XM-002-6aa0ec9417.jpg,https://gibs.earthdata.nasa.gov/wmts/epsg3857/best/MODIS_Terra_CorrectedReflectance_TrueColor/default/2026-09-08/GoogleMapsCompatible_Level9/8/110/211.jpg,2026-09-08,NASA GIBS / MODIS Terra,MODIS_Terra_CorrectedReflectance_TrueColor,8,211,110,204.7,2026-09-08T19:00:48+00:00
CN-XM-003,/cache/thumbs/CN-XM-003-6aa0ec9417.jpg,https://gibs.earthdata.nasa.gov/wmts/epsg3857/best/MODIS_Terra_CorrectedReflectance_TrueColor/default/2026-09-08/GoogleMapsCompatible_Level9/8/110/211.jpg,2026-09-08,NASA GIBS / MODIS Terra,MODIS_Terra_CorrectedReflectance_TrueColor,8,211,110,204.7,2026-09-08T19:00:48+00:00
CN-XM-004,/cache/thumbs/CN-XM-004-6aa0ec9417.jpg,https://gibs.earthdata.nasa.gov/wmts/epsg3857/best/MODIS_Terra_CorrectedReflectance_TrueColor/default/2026-09-08/GoogleMapsCompatible_Level9/8/110/211.jpg,2026-09-08,NASA GIBS / MODIS Terra,MODIS_Terra_CorrectedReflectance_TrueColor,8,211,110,204.7,2026-09-08T19:00:48+00:00
CN-XM-005,/cache/thumbs/CN-XM-005-6aa0ec9417.jpg,https://gibs.earthdata.nasa.gov/wmts/epsg3857/best/MODIS_Terra_CorrectedReflectance_TrueColor/default/2026-09-08/GoogleMapsCompatible_Level9/8/110/211.jpg,2026-09-08,NASA GIBS / MODIS Terra,MODIS_Terra_CorrectedReflectance_TrueColor,8,211,110,204.7,2026-09-08T19:00:48+00:00
CN-NB-001,/cache/thumbs/CN-NB-001-d0f70f3e40.jpg,https://gibs.earthdata.nasa.gov/wmts/epsg3857/best/HLS_S30_Nadir_BRDF_Adjusted_Reflectance/default/2026-09-06/GoogleMapsCompatible_Level12/12/1691/3430.jpg,2026-09-06,NASA GIBS / HLS Sentinel-2,HLS_S30_Nadir_BRDF_Adjusted_Reflectance,12,3430,1691,199.5,2026-09-08T19:00:48+00:00
CN-NB-002,/cache/thumbs/CN-NB-002-d0f70f3e40.jpg,https://gibs.earthdata.nasa.gov/wmts/epsg3857/best/HLS_S30_Nadir_BRDF_Adjusted_Reflectance/default/2026-09-06/GoogleMapsCompatible_Level12/12/1691/3430.jpg,2026-09-06,NASA GIBS / HLS Sentinel-2,HLS_S30_Nadir_BRDF_Adjusted_Reflectance,12,3430,1691,199.5,2026-09-08T19:00:48+00:00
CN-NB-003,/cache/thumbs/CN-NB-003-d0f70f3e40.jpg,https://gibs.earthdata.nasa.gov/wmts/epsg3857/best/HLS_S30_Nadir_BRDF_Adjusted_Reflectance/default/2026-09-06/GoogleMapsCompatible_Level12/12/1691/3430.jpg,2026-09-06,NASA GIBS / HLS Sentinel-2,HLS_S30_Nadir_BRDF_Adjusted_Reflectance,12,3430,1691,199.5,2026-09-08T19:00:48+00:00
CN-NB-004,/cache/thumbs/CN-NB-004-d0f70f3e40.jpg,https://gibs.earthdata.nasa.gov/wmts/epsg3857/best/HLS_S30_Nadir_BRDF_Adjusted_Reflectance/default/2026-09-06/GoogleMapsCompatible_Level12/12/1691/3430.jpg,2026-09-06,NASA GIBS / HLS Sentinel-2,HLS_S30_Nadir_BRDF_Adjusted_Reflectance,12,3430,1691,199.5,2026-09-08T19:00:48+00:00
CN-NB-005,/cache/thumbs/CN-NB-005-d0f70f3e40.jpg,https://gibs.earthdata.nasa.gov/wmts/epsg3857/best/HLS_S30_Nadir_BRDF_Adjusted_Reflectance/default/2026-09-06/GoogleMapsCompatible_Level12/12/1691/3430.jpg,2026-09-06,NASA GIBS / HLS Sentinel-2,HLS_S30_Nadir_BRDF_Adjusted_Reflectance,12,3430,1691,199.5,2026-09-08T19:00:48+00:00
HK-TK-001,/cache/thumbs/HK-TK-001-432c1e8a11.jpg,https://gibs.earthdata.nasa.gov/wmts/epsg3857/best/HLS_S30_Nadir_BRDF_Adjusted_Reflectance/default/2026-09-05/GoogleMapsCompatible_Level12/12/1787/3348.jpg,2026-09-05,NASA GIBS / HLS Sentinel-2,HLS_S30_Nadir_BRDF_Adjusted_Reflectance,12,3348,1787,106.0,2026-09-08T19:00:48+00:00
HK-TK-002,/cache/thumbs/HK-TK-002-432c1e8a11.jpg,https://gibs.earthdata.nasa.gov/wmts/epsg3857/best/HLS_S30_Nadir_BRDF_Adjusted_Reflectance/default/2026-09-05/GoogleMapsCompatible_Level12/12/1787/3348.jpg,2026-09-05,NASA GIBS / HLS Sentinel-2,HLS_S30_Nadir_BRDF_Adjusted_Reflectance,12,3348,1787,106.0,2026-09-08T19:00:48+00:00
HK-TK-003,/cache/thumbs/HK-TK-003-432c1e8a11.jpg,https://gibs.earthdata.nasa.gov/wmts/epsg3857/best/HLS_S30_Nadir_BRDF_Adjusted_Reflectance/default/2026-09-05/GoogleMapsCompatible_Level12/12/1787/3348.jpg,2026-09-05,NASA GIBS / HLS Sentinel-2,HLS_S30_Nadir_BRDF_Adjusted_Reflectance,12,3348,1787,106.0,2026-09-08T19:00:48+00:00
HK-TK-004,/cache/thumbs/HK-TK-004-432c1e8a11.jpg,https://gibs.earthdata.nasa.gov/wmts/epsg3857/best/HLS_S30_Nadir_BRDF_Adjusted_Reflectance/default/2026-09-05/GoogleMapsCompatible_Level12/12/1787/3348.jpg,2026-09-05,NASA GIBS / HLS Sentinel-2,HLS_S30_Nadir_BRDF_Adjusted_Reflectance,12,3348,1787,106.0,2026-09-08T19:00:48+00:00
HK-TK-005,/cache/thumbs/HK-TK-005-ba2e25b833.jpg,https://gibs.earthdata.nasa.gov/wmts/epsg3857/best/HLS_S30_Nadir_BRDF_Adjusted_Reflectance/default/2026-09-05/GoogleMapsCompatible_Level12/12/1787/3347.jpg,2026-09-05,NASA GIBS / HLS Sentinel-2,HLS_S30_Nadir_BRDF_Adjusted_Reflectance,12,3347,1787,156.0,2026-09-08T19:00:48+00:00
HK-TK-006,/cache/thumbs/HK-TK-006-432c1e8a11.jpg,https://gibs.earthdata.nasa.gov/wmts/epsg3857/best/HLS_S30_Nadir_BRDF_Adjusted_Reflectance/default/2026-09-05/GoogleMapsCompatible_Level12/12/1787/3348.jpg,2026-09-05,NASA GIBS / HLS Sentinel-2,HLS_S30_Nadir_BRDF_Adjusted_Reflectance,12,3348,1787,106.0,2026-09-08T19:00:48+00:00
HK-HF-001,/cache/thumbs/HK-HF-001-ba2e25b833.jpg,https://gibs.earthdata.nasa.gov/wmts/epsg3857/best/HLS_S30_Nadir_BRDF_Adjusted_Reflectance/default/2026-09-05/GoogleMapsCompatible_Level12/12/1787/3347.jpg,2026-09-05,NASA GIBS / HLS Sentinel-2,HLS_S30_Nadir_BRDF_Adjusted_Reflectance,12,3347,1787,156.0,2026-09-08T19:00:48+00:00
HK-HF-002,/cache/thumbs/HK-HF-002-ba2e25b833.jpg,https://gibs.earthdata.nasa.gov/wmts/epsg3857/best/HLS_S30_Nadir_BRDF_Adjusted_Reflectance/default/2026-09-05/GoogleMapsCompatible_Level12/12/1787/3347.jpg,2026-09-05,NASA GIBS / HLS Sentinel-2,HLS_S30_Nadir_BRDF_Adjusted_Reflectance,12,3347,1787,156.0,2026-09-08T19:00:48+00:00
HK-HF-003,/cache/thumbs/HK-HF-003-ba2e25b833.jpg,https://gibs.earthdata.nasa.gov/wmts/epsg3857/best/HLS_S30_Nadir_BRDF_Adjusted_Reflectance/default/2026-09-05/GoogleMapsCompatible_Level12/12/1787/3347.jpg,2026-09-05,NASA GIBS / HLS Sentinel-2,HLS_S30_Nadir_BRDF_Adjusted_Reflectance,12,3347,1787,156.0,2026-09-08T19:00:48+00:00
HK-HF-004,/cache/thumbs/HK-HF-004-ba2e25b833.jpg,https://gibs.earthdata.nasa.gov/wmts/epsg3857/best/HLS_S30_Nadir_BRDF_Adjusted_Reflectance/default/2026-09-05/GoogleMapsCompatible_Level12/12/1787/3347.jpg,2026-09-05,NASA GIBS / HLS Sentinel-2,HLS_S30_Nadir_BRDF_Adjusted_Reflectance,12,3347,1787,156.0,2026-09-08T19:00:48+00:00
HK-HF-005,/cache/thumbs/HK-HF-005-ba2e25b833.jpg,https://gibs.earthdata.nasa.gov/wmts/epsg3857/best/HLS_S30_Nadir_BRDF_Adjusted_Reflectance/default/2026-09-05/GoogleMapsCompatible_Level12/12/1787/3347.jpg,2026-09-05,NASA GIBS / HLS Sentinel-2,HLS_S30_Nadir_BRDF_Adjusted_Reflectance,12,3347,1787,156.0,2026-09-08T19:00:48+00:00
HK-KT-001,/cache/thumbs/HK-KT-001-ba2e25b833.jpg,https://gibs.earthdata.nasa.gov/wmts/epsg3857/best/HLS_S30_Nadir_BRDF_Adjusted_Reflectance/default/2026-09-05/GoogleMapsCompatible_Level12/12/1787/3347.jpg,2026-09-05,NASA GIBS / HLS Sentinel-2,HLS_S30_Nadir_BRDF_Adjusted_Reflectance,12,3347,1787,156.0,2026-09-08T19:00:48+00:00
HK-KT-002,/cache/thumbs/HK-KT-002-ba2e25b833.jpg,https://gibs.earthdata.nasa.gov/wmts/epsg3857/best/HLS_S30_Nadir_BRDF_Adjusted_Reflectance/default/2026-09-05/GoogleMapsCompatible_Level12/12/1787/3347.jpg,2026-09-05,NASA GIBS / HLS Sentinel-2,HLS_S30_Nadir_BRDF_Adjusted_Reflectance,12,3347,1787,156.0,2026-09-08T19:00:48+00:00
HK-KT-003,/cache/thumbs/HK-KT-003-ba2e25b833.jpg,https://gibs.earthdata.nasa.gov/wmts/epsg3857/best/HLS_S30_Nadir_BRDF_Adjusted_Reflectance/default/2026-09-05/GoogleMapsCompatible_Level12/12/1787/3347.jpg,2026-09-05,NASA GIBS / HLS Sentinel-2,HLS_S30_Nadir_BRDF_Adjusted_Reflectance,12,3347,1787,156.0,2026-09-08T19:00:48+00:00
HK-KT-004,/cache/thumbs/HK-KT-004-ba2e25b833.jpg,https://gibs.earthdata.nasa.gov/wmts/epsg3857/best/HLS_S30_Nadir_BRDF_Adjusted_Reflectance/default/2026-09-05/GoogleMapsCompatible_Level12/12/1787/3347.jpg,2026-09-05,NASA GIBS / HLS Sentinel-2,HLS_S30_Nadir_BRDF_Adjusted_Reflectance,12,3347,1787,156.0,2026-09-08T19:00:48+00:00
HK-KT-005,/cache/thumbs/HK-KT-005-ba2e25b833.jpg,https://gibs.earthdata.nasa.gov/wmts/epsg3857/best/HLS_S30_Nadir_BRDF_Adjusted_Reflectance/default/2026-09-05/GoogleMapsCompatible_Level12/12/1787/3347.jpg,2026-09-05,NASA GIBS / HLS Sentinel-2,HLS_S30_Nadir_BRDF_Adjusted_Reflectance,12,3347,1787,156.0,2026-09-08T19:00:48+00:00
HK-TP-001,/cache/thumbs/HK-TP-001-7189924894.jpg,https://gibs.earthdata.nasa.gov/wmts/epsg3857/best/HLS_S30_Nadir_BRDF_Adjusted_Reflectance/default/2026-09-05/GoogleMapsCompatible_Level12/12/1785/3346.jpg,2026-09-05,NASA GIBS / HLS Sentinel-2,HLS_S30_Nadir_BRDF_Adjusted_Reflectance,12,3346,1785,154.9,2026-09-08T19:00:48+00:00
HK-TP-002,/cache/thumbs/HK-TP-002-71e3534648.jpg,https://gibs.earthdata.nasa.gov/wmts/epsg3857/best/HLS_S30_Nadir_BRDF_Adjusted_Reflectance/default/2026-09-05/GoogleMapsCompatible_Level12/12/1785/3347.jpg,2026-09-05,NASA GIBS / HLS Sentinel-2,HLS_S30_Nadir_BRDF_Adjusted_Reflectance,12,3347,1785,114.1,2026-09-08T19:00:48+00:00
HK-TP-003,/cache/thumbs/HK-TP-003-7189924894.jpg,https://gibs.earthdata.nasa.gov/wmts/epsg3857/best/HLS_S30_Nadir_BRDF_Adjusted_Reflectance/default/2026-09-05/GoogleMapsCompatible_Level12/12/1785/3346.jpg,2026-09-05,NASA GIBS / HLS Sentinel-2,HLS_S30_Nadir_BRDF_Adjusted_Reflectance,12,3346,1785,154.9,2026-09-08T19:00:48+00:00
HK-TP-004,/cache/thumbs/HK-TP-004-7189924894.jpg,https://gibs.earthdata.nasa.gov/wmts/epsg3857/best/HLS_S30_Nadir_BRDF_Adjusted_Reflectance/default/2026-09-05/GoogleMapsCompatible_Level12/12/1785/3346.jpg,2026-09-05,NASA GIBS / HLS Sentinel-2,HLS_S30_Nadir_BRDF_Adjusted_Reflectance,12,3346,1785,154.9,2026-09-08T19:00:48+00:00
HK-TP-005,/cache/thumbs/HK-TP-005-36223a9c9d.jpg,https://gibs.earthdata.nasa.gov/wmts/epsg3857/best/HLS_S30_Nadir_BRDF_Adjusted_Reflectance/default/2026-09-05/GoogleMapsCompatible_Level12/12/1786/3347.jpg,2026-09-05,NASA GIBS / HLS Sentinel-2,HLS_S30_Nadir_BRDF_Adjusted_Reflectance,12,3347,1786,181.5,2026-09-08T19:00:48+00:00
HK-TC-001,/cache/thumbs/HK-TC-001-5208473d6d.jpg,https://gibs.earthdata.nasa.gov/wmts/epsg3857/best/HLS_S30_Nadir_BRDF_Adjusted_Reflectance/default/2026-09-05/GoogleMapsCompatible_Level12/12/1787/3344.jpg,2026-09-05,NASA GIBS / HLS Sentinel-2,HLS_S30_Nadir_BRDF_Adjusted_Reflectance,12,3344,1787,191.5,2026-09-08T19:00:48+00:00
HK-TC-002,/cache/thumbs/HK-TC-002-5208473d6d.jpg,https://gibs.earthdata.nasa.gov/wmts/epsg3857/best/HLS_S30_Nadir_BRDF_Adjusted_Reflectance/default/2026-09-05/GoogleMapsCompatible_Level12/12/1787/3344.jpg,2026-09-05,NASA GIBS / HLS Sentinel-2,HLS_S30_Nadir_BRDF_Adjusted_Reflectance,12,3344,1787,191.5,2026-09-08T19:00:48+00:00
HK-TC-003,/cache/thumbs/HK-TC-003-5208473d6d.jpg,https://gibs.earthdata.nasa.gov/wmts/epsg3857/best/HLS_S30_Nadir_BRDF_Adjusted_Reflectance/default/2026-09-05/GoogleMapsCompatible_Level12/12/1787/3344.jpg,2026-09-05,NASA GIBS / HLS Sentinel-2,HLS_S30_Nadir_BRDF_Adjusted_Reflectance,12,3344,1787,191.5,2026-09-08T19:00:48+00:00
HK-TC-004,/cache/thumbs/HK-TC-004-5208473d6d.jpg,https://gibs.earthdata.nasa.gov/wmts/epsg3857/best/HLS_S30_Nadir_BRDF_Adjusted_Reflectance/default/2026-09-05/GoogleMapsCompatible_Level12/12/1787/3344.jpg,2026-09-05,NASA GIBS / HLS Sentinel-2,HLS_S30_Nadir_BRDF_Adjusted_Reflectance,12,3344,1787,191.5,2026-09-08T19:00:48+00:00
